village,month,house,place,method,hour,species,Abdomenstatus,ParRate,id
kimi,1_juin,2,Outdoor,CSH,22,Ag,Aj,1,kimi1_juin2OutdoorCSH22AgAj
kimi,1_juin,3,Indoor,CSH,22,Ag,Aj,NA,kimi1_juin3IndoorCSH22AgAj
kimi,1_juin,3,Indoor,CSH,22,Ag,Aj,0,kimi1_juin3IndoorCSH22AgAj
kimi,1_juin,3,Indoor,CSH,23,Ag,Aj,1,kimi1_juin3IndoorCSH23AgAj
kimi,1_juin,3,Indoor,CSH,0,Ag,Aj,NA,kimi1_juin3IndoorCSH0AgAj
kimi,1_juin,3,Indoor,CSH,1,Ag,Aj,0,kimi1_juin3IndoorCSH1AgAj
kimi,1_juin,3,Indoor,CSH,2,Ag,Aj,NA,kimi1_juin3IndoorCSH2AgAj
kimi,1_juin,4,Indoor,CSH,0,Ag,Aj,NA,kimi1_juin4IndoorCSH0AgAj
kimi,1_juin,4,Outdoor,CSH,2,Ag,Aj,NA,kimi1_juin4OutdoorCSH2AgAj
kimi,1_juin,4,Outdoor,CSH,4,Ag,Aj,1,kimi1_juin4OutdoorCSH4AgAj
kimi,1_juin,1,Indoor,CSH,3,Ag,Aj,NA,kimi1_juin1IndoorCSH3AgAj
kimi,1_juin,4,Outdoor,CSH,21,Ag,Aj,NA,kimi1_juin4OutdoorCSH21AgAj
kimi,1_juin,2,Indoor,CSH,23,Ag,Aj,1,kimi1_juin2IndoorCSH23AgAj
kimi,1_juin,2,Outdoor,CSH,23,Ag,Aj,1,kimi1_juin2OutdoorCSH23AgAj
kimi,1_juin,2,Outdoor,CSH,0,Ag,Aj,0,kimi1_juin2OutdoorCSH0AgAj
kimi,1_juin,3,Outdoor,CSH,1,Ag,Aj,NA,kimi1_juin3OutdoorCSH1AgAj
kimi,1_juin,4,Outdoor,CSH,0,Ag,Aj,NA,kimi1_juin4OutdoorCSH0AgAj
kimi,1_juin,2,Outdoor,CSH,23,Ag,Aj,NA,kimi1_juin2OutdoorCSH23AgAj
kimi,1_juin,2,Outdoor,CSH,21,Ag,Aj,NA,kimi1_juin2OutdoorCSH21AgAj
kimi,1_juin,3,Indoor,CSH,1,Ag,Aj,1,kimi1_juin3IndoorCSH1AgAj
kimi,1_juin,4,Indoor,CSH,3,Ag,Aj,1,kimi1_juin4IndoorCSH3AgAj
kimi,2_juillet,2,Indoor,CSH,0,Ag,Aj,1,kimi2_juillet2IndoorCSH0AgAj
kimi,2_juillet,2,Indoor,CSH,0,Ag,Aj,NA,kimi2_juillet2IndoorCSH0AgAj
kimi,2_juillet,2,Outdoor,CSH,0,Ag,Aj,1,kimi2_juillet2OutdoorCSH0AgAj
kimi,2_juillet,2,Outdoor,CSH,0,Ag,Aj,NA,kimi2_juillet2OutdoorCSH0AgAj
kimi,2_juillet,2,Outdoor,CSH,0,Ag,Aj,NA,kimi2_juillet2OutdoorCSH0AgAj
kimi,2_juillet,3,Indoor,CSH,0,Ag,Aj,1,kimi2_juillet3IndoorCSH0AgAj
kimi,2_juillet,3,Outdoor,CSH,23,Ag,Aj,NA,kimi2_juillet3OutdoorCSH23AgAj
kimi,2_juillet,3,Outdoor,CSH,23,Ag,Aj,1,kimi2_juillet3OutdoorCSH23AgAj
kimi,2_juillet,3,Outdoor,CSH,0,Ag,Aj,1,kimi2_juillet3OutdoorCSH0AgAj
kimi,2_juillet,3,Outdoor,CSH,0,Ag,Aj,1,kimi2_juillet3OutdoorCSH0AgAj
kimi,2_juillet,3,Outdoor,CSH,2,Ag,Aj,NA,kimi2_juillet3OutdoorCSH2AgAj
kimi,2_juillet,4,Outdoor,CSH,22,Ag,Aj,NA,kimi2_juillet4OutdoorCSH22AgAj
kimi,2_juillet,2,Indoor,CSH,0,Ag,Aj,NA,kimi2_juillet2IndoorCSH0AgAj
kimi,2_juillet,2,Indoor,CSH,0,Ag,Aj,NA,kimi2_juillet2IndoorCSH0AgAj
kimi,2_juillet,2,Outdoor,CSH,1,Ag,Aj,NA,kimi2_juillet2OutdoorCSH1AgAj
kimi,2_juillet,2,Outdoor,CSH,2,Ag,Aj,0,kimi2_juillet2OutdoorCSH2AgAj
kimi,2_juillet,3,Indoor,CSH,2,Ag,Aj,0,kimi2_juillet3IndoorCSH2AgAj
kimi,2_juillet,3,Indoor,CSH,2,Ag,Aj,NA,kimi2_juillet3IndoorCSH2AgAj
kimi,2_juillet,3,Indoor,CSH,2,Ag,Aj,1,kimi2_juillet3IndoorCSH2AgAj
kimi,2_juillet,3,Indoor,CSH,2,Ag,Aj,1,kimi2_juillet3IndoorCSH2AgAj
kimi,2_juillet,3,Outdoor,CSH,23,Ag,Aj,1,kimi2_juillet3OutdoorCSH23AgAj
kimi,2_juillet,3,Outdoor,CSH,23,Ag,Aj,1,kimi2_juillet3OutdoorCSH23AgAj
kimi,2_juillet,3,Outdoor,CSH,23,Ag,Aj,0,kimi2_juillet3OutdoorCSH23AgAj
kimi,2_juillet,4,Indoor,CSH,21,Ag,Aj,0,kimi2_juillet4IndoorCSH21AgAj
kimi,2_juillet,4,Indoor,CSH,23,Ag,Aj,NA,kimi2_juillet4IndoorCSH23AgAj
kimi,2_juillet,4,Indoor,CSH,23,Ag,Aj,0,kimi2_juillet4IndoorCSH23AgAj
kimi,2_juillet,4,Indoor,CSH,0,Ag,Aj,1,kimi2_juillet4IndoorCSH0AgAj
kimi,2_juillet,4,Indoor,CSH,0,Ag,Aj,1,kimi2_juillet4IndoorCSH0AgAj
kimi,2_juillet,4,Indoor,CSH,0,Ag,Aj,NA,kimi2_juillet4IndoorCSH0AgAj
kimi,2_juillet,4,Indoor,CSH,0,Ag,Aj,0,kimi2_juillet4IndoorCSH0AgAj
kimi,2_juillet,4,Indoor,CSH,1,Ag,Aj,NA,kimi2_juillet4IndoorCSH1AgAj
kimi,2_juillet,4,Indoor,CSH,1,Ag,Aj,NA,kimi2_juillet4IndoorCSH1AgAj
kimi,2_juillet,4,Outdoor,CSH,1,Ag,Aj,1,kimi2_juillet4OutdoorCSH1AgAj
kimi,2_juillet,2,Outdoor,CSH,3,Ag,Aj,1,kimi2_juillet2OutdoorCSH3AgAj
kimi,2_juillet,2,Outdoor,CSH,4,Ag,Aj,1,kimi2_juillet2OutdoorCSH4AgAj
kimi,2_juillet,2,Outdoor,CSH,5,Ag,Aj,0,kimi2_juillet2OutdoorCSH5AgAj
kimi,2_juillet,3,Indoor,CSH,5,Ag,Aj,NA,kimi2_juillet3IndoorCSH5AgAj
kimi,2_juillet,4,Indoor,CSH,0,Ag,Aj,1,kimi2_juillet4IndoorCSH0AgAj
kimi,2_juillet,4,Indoor,CSH,2,Ag,Aj,1,kimi2_juillet4IndoorCSH2AgAj
kimi,2_juillet,4,Indoor,CSH,4,Ag,Aj,0,kimi2_juillet4IndoorCSH4AgAj
kimi,3_aout,1,Indoor,CSH,3,Ag,Aj,0,kimi3_aout1IndoorCSH3AgAj
kimi,3_aout,1,Outdoor,CSH,0,Ag,Aj,1,kimi3_aout1OutdoorCSH0AgAj
kimi,3_aout,1,Outdoor,CSH,0,Ag,Aj,1,kimi3_aout1OutdoorCSH0AgAj
kimi,3_aout,1,Outdoor,CSH,0,Ag,Aj,1,kimi3_aout1OutdoorCSH0AgAj
kimi,3_aout,1,Outdoor,CSH,1,Ag,Aj,1,kimi3_aout1OutdoorCSH1AgAj
kimi,3_aout,1,Outdoor,CSH,1,Ag,Aj,NA,kimi3_aout1OutdoorCSH1AgAj
kimi,3_aout,1,Outdoor,CSH,1,Ag,Aj,0,kimi3_aout1OutdoorCSH1AgAj
kimi,3_aout,1,Outdoor,CSH,1,Ag,Aj,NA,kimi3_aout1OutdoorCSH1AgAj
kimi,3_aout,2,Outdoor,CSH,1,Ag,Aj,1,kimi3_aout2OutdoorCSH1AgAj
kimi,3_aout,2,Outdoor,CSH,1,Ag,Aj,1,kimi3_aout2OutdoorCSH1AgAj
kimi,3_aout,2,Outdoor,CSH,1,Ag,Aj,1,kimi3_aout2OutdoorCSH1AgAj
kimi,3_aout,3,Indoor,CSH,0,Ag,Aj,0,kimi3_aout3IndoorCSH0AgAj
kimi,3_aout,3,Indoor,CSH,0,Ag,Aj,0,kimi3_aout3IndoorCSH0AgAj
kimi,3_aout,3,Indoor,CSH,0,Ag,Aj,1,kimi3_aout3IndoorCSH0AgAj
kimi,3_aout,3,Outdoor,CSH,22,Ag,Aj,1,kimi3_aout3OutdoorCSH22AgAj
kimi,3_aout,3,Outdoor,CSH,22,Ag,Aj,1,kimi3_aout3OutdoorCSH22AgAj
kimi,3_aout,3,Outdoor,CSH,23,Ag,Aj,1,kimi3_aout3OutdoorCSH23AgAj
kimi,3_aout,3,Outdoor,CSH,23,Ag,Aj,NA,kimi3_aout3OutdoorCSH23AgAj
kimi,3_aout,3,Outdoor,CSH,23,Ag,Aj,1,kimi3_aout3OutdoorCSH23AgAj
kimi,3_aout,3,Outdoor,CSH,2,Ag,Aj,1,kimi3_aout3OutdoorCSH2AgAj
kimi,3_aout,3,Outdoor,CSH,2,Ag,Aj,1,kimi3_aout3OutdoorCSH2AgAj
kimi,3_aout,3,Outdoor,CSH,3,Ag,Aj,1,kimi3_aout3OutdoorCSH3AgAj
kimi,3_aout,4,Outdoor,CSH,22,Ag,Aj,NA,kimi3_aout4OutdoorCSH22AgAj
kimi,3_aout,4,Outdoor,CSH,23,Ag,Aj,NA,kimi3_aout4OutdoorCSH23AgAj
kimi,3_aout,4,Outdoor,CSH,23,Ag,Aj,NA,kimi3_aout4OutdoorCSH23AgAj
kimi,3_aout,4,Outdoor,CSH,2,Ag,Aj,1,kimi3_aout4OutdoorCSH2AgAj
kimi,3_aout,4,Outdoor,CSH,2,Ag,Aj,NA,kimi3_aout4OutdoorCSH2AgAj
kimi,3_aout,4,Outdoor,CSH,22,Ag,Aj,1,kimi3_aout4OutdoorCSH22AgAj
kimi,3_aout,4,Outdoor,CSH,23,Ag,Aj,1,kimi3_aout4OutdoorCSH23AgAj
kimi,3_aout,4,Outdoor,CSH,23,Ag,Aj,1,kimi3_aout4OutdoorCSH23AgAj
kimi,3_aout,1,Outdoor,CSH,21,Ag,Aj,1,kimi3_aout1OutdoorCSH21AgAj
kimi,3_aout,2,Indoor,CSH,23,Ag,Aj,0,kimi3_aout2IndoorCSH23AgAj
kimi,3_aout,2,Indoor,CSH,1,Ag,Aj,1,kimi3_aout2IndoorCSH1AgAj
kimi,3_aout,2,Outdoor,CSH,20,Ag,Aj,0,kimi3_aout2OutdoorCSH20AgAj
kimi,3_aout,2,Outdoor,CSH,21,Ag,Aj,1,kimi3_aout2OutdoorCSH21AgAj
kimi,3_aout,2,Outdoor,CSH,0,Ag,Aj,1,kimi3_aout2OutdoorCSH0AgAj
kimi,3_aout,2,Outdoor,CSH,0,Ag,Aj,1,kimi3_aout2OutdoorCSH0AgAj
kimi,3_aout,2,Outdoor,CSH,1,Ag,Aj,1,kimi3_aout2OutdoorCSH1AgAj
kimi,3_aout,3,Indoor,CSH,1,Ag,Aj,1,kimi3_aout3IndoorCSH1AgAj
kimi,3_aout,3,Outdoor,CSH,2,Ag,Aj,0,kimi3_aout3OutdoorCSH2AgAj
kimi,3_aout,3,Outdoor,CSH,2,Ag,Aj,1,kimi3_aout3OutdoorCSH2AgAj
kimi,3_aout,4,Indoor,CSH,21,Ag,Aj,1,kimi3_aout4IndoorCSH21AgAj
kimi,3_aout,4,Indoor,CSH,21,Ag,Aj,1,kimi3_aout4IndoorCSH21AgAj
kimi,3_aout,4,Indoor,CSH,0,Ag,Aj,1,kimi3_aout4IndoorCSH0AgAj
kimi,3_aout,4,Outdoor,CSH,22,Ag,Aj,NA,kimi3_aout4OutdoorCSH22AgAj
kimi,3_aout,4,Outdoor,CSH,22,Ag,Aj,1,kimi3_aout4OutdoorCSH22AgAj
kimi,3_aout,1,Outdoor,CSH,22,Ag,Aj,0,kimi3_aout1OutdoorCSH22AgAj
kimi,3_aout,1,Outdoor,CSH,23,Ag,Aj,0,kimi3_aout1OutdoorCSH23AgAj
kimi,3_aout,1,Outdoor,CSH,0,Ag,Aj,1,kimi3_aout1OutdoorCSH0AgAj
kimi,3_aout,1,Outdoor,CSH,2,Ag,Aj,1,kimi3_aout1OutdoorCSH2AgAj
kimi,3_aout,1,Outdoor,CSH,2,Ag,Aj,NA,kimi3_aout1OutdoorCSH2AgAj
kimi,3_aout,1,Outdoor,CSH,3,Ag,Aj,0,kimi3_aout1OutdoorCSH3AgAj
kimi,3_aout,2,Indoor,CSH,22,Ag,Aj,0,kimi3_aout2IndoorCSH22AgAj
kimi,3_aout,2,Outdoor,CSH,20,Ag,Aj,0,kimi3_aout2OutdoorCSH20AgAj
kimi,3_aout,2,Outdoor,CSH,0,Ag,Aj,0,kimi3_aout2OutdoorCSH0AgAj
kimi,3_aout,3,Indoor,CSH,23,Ag,Aj,0,kimi3_aout3IndoorCSH23AgAj
kimi,3_aout,3,Outdoor,CSH,23,Ag,Aj,1,kimi3_aout3OutdoorCSH23AgAj
kimi,3_aout,4,Indoor,CSH,0,Ag,Aj,1,kimi3_aout4IndoorCSH0AgAj
kimi,3_aout,4,Indoor,CSH,0,Ag,Aj,1,kimi3_aout4IndoorCSH0AgAj
kimi,3_aout,4,Indoor,CSH,0,Ag,Aj,NA,kimi3_aout4IndoorCSH0AgAj
kimi,3_aout,1,Indoor,CSH,22,Ag,Aj,1,kimi3_aout1IndoorCSH22AgAj
kimi,3_aout,1,Outdoor,CSH,23,Ag,Aj,1,kimi3_aout1OutdoorCSH23AgAj
kimi,3_aout,1,Outdoor,CSH,23,Ag,Aj,1,kimi3_aout1OutdoorCSH23AgAj
kimi,3_aout,1,Outdoor,CSH,23,Ag,Aj,1,kimi3_aout1OutdoorCSH23AgAj
kimi,3_aout,1,Outdoor,CSH,0,Ag,Aj,0,kimi3_aout1OutdoorCSH0AgAj
kimi,3_aout,1,Outdoor,CSH,0,Ag,Aj,0,kimi3_aout1OutdoorCSH0AgAj
kimi,3_aout,1,Outdoor,CSH,2,Ag,Aj,0,kimi3_aout1OutdoorCSH2AgAj
kimi,3_aout,2,Indoor,CSH,22,Ag,Aj,1,kimi3_aout2IndoorCSH22AgAj
kimi,3_aout,2,Indoor,CSH,0,Ag,Aj,1,kimi3_aout2IndoorCSH0AgAj
kimi,3_aout,2,Indoor,CSH,0,Ag,Aj,0,kimi3_aout2IndoorCSH0AgAj
kimi,3_aout,2,Indoor,CSH,0,Ag,Aj,0,kimi3_aout2IndoorCSH0AgAj
kimi,3_aout,2,Indoor,CSH,1,Ag,Aj,1,kimi3_aout2IndoorCSH1AgAj
kimi,3_aout,2,Indoor,CSH,1,Ag,Aj,1,kimi3_aout2IndoorCSH1AgAj
kimi,3_aout,2,Indoor,CSH,1,Ag,Aj,1,kimi3_aout2IndoorCSH1AgAj
kimi,3_aout,2,Outdoor,CSH,21,Ag,Aj,1,kimi3_aout2OutdoorCSH21AgAj
kimi,3_aout,2,Outdoor,CSH,22,Ag,Aj,1,kimi3_aout2OutdoorCSH22AgAj
kimi,3_aout,2,Outdoor,CSH,22,Ag,Aj,NA,kimi3_aout2OutdoorCSH22AgAj
kimi,3_aout,2,Outdoor,CSH,23,Ag,Aj,1,kimi3_aout2OutdoorCSH23AgAj
kimi,3_aout,2,Outdoor,CSH,23,Ag,Aj,1,kimi3_aout2OutdoorCSH23AgAj
kimi,3_aout,2,Outdoor,CSH,0,Ag,Aj,1,kimi3_aout2OutdoorCSH0AgAj
kimi,3_aout,2,Outdoor,CSH,0,Ag,Aj,1,kimi3_aout2OutdoorCSH0AgAj
kimi,3_aout,2,Outdoor,CSH,0,Ag,Aj,1,kimi3_aout2OutdoorCSH0AgAj
kimi,3_aout,2,Outdoor,CSH,0,Ag,Aj,NA,kimi3_aout2OutdoorCSH0AgAj
kimi,3_aout,2,Outdoor,CSH,0,Ag,Aj,1,kimi3_aout2OutdoorCSH0AgAj
kimi,3_aout,2,Outdoor,CSH,1,Ag,Aj,0,kimi3_aout2OutdoorCSH1AgAj
kimi,3_aout,2,Outdoor,CSH,1,Ag,Aj,0,kimi3_aout2OutdoorCSH1AgAj
kimi,3_aout,2,Outdoor,CSH,1,Ag,Aj,0,kimi3_aout2OutdoorCSH1AgAj
kimi,3_aout,2,Outdoor,CSH,1,Ag,Aj,1,kimi3_aout2OutdoorCSH1AgAj
kimi,3_aout,2,Outdoor,CSH,1,Ag,Aj,1,kimi3_aout2OutdoorCSH1AgAj
kimi,3_aout,2,Outdoor,CSH,1,Ag,Aj,1,kimi3_aout2OutdoorCSH1AgAj
kimi,3_aout,3,Indoor,CSH,21,Ag,Aj,0,kimi3_aout3IndoorCSH21AgAj
kimi,3_aout,3,Indoor,CSH,23,Ag,Aj,1,kimi3_aout3IndoorCSH23AgAj
kimi,3_aout,3,Indoor,CSH,23,Ag,Aj,1,kimi3_aout3IndoorCSH23AgAj
kimi,3_aout,3,Indoor,CSH,23,Ag,Aj,1,kimi3_aout3IndoorCSH23AgAj
kimi,3_aout,3,Indoor,CSH,0,Ag,Aj,NA,kimi3_aout3IndoorCSH0AgAj
kimi,3_aout,3,Indoor,CSH,0,Ag,Aj,1,kimi3_aout3IndoorCSH0AgAj
kimi,3_aout,3,Outdoor,CSH,21,Ag,Aj,0,kimi3_aout3OutdoorCSH21AgAj
kimi,3_aout,3,Outdoor,CSH,22,Ag,Aj,1,kimi3_aout3OutdoorCSH22AgAj
kimi,3_aout,3,Outdoor,CSH,23,Ag,Aj,1,kimi3_aout3OutdoorCSH23AgAj
kimi,3_aout,3,Outdoor,CSH,23,Ag,Aj,1,kimi3_aout3OutdoorCSH23AgAj
kimi,3_aout,3,Outdoor,CSH,23,Ag,Aj,1,kimi3_aout3OutdoorCSH23AgAj
kimi,3_aout,3,Outdoor,CSH,23,Ag,Aj,1,kimi3_aout3OutdoorCSH23AgAj
kimi,3_aout,4,Indoor,CSH,22,Ag,Aj,1,kimi3_aout4IndoorCSH22AgAj
kimi,3_aout,4,Indoor,CSH,22,Ag,Aj,1,kimi3_aout4IndoorCSH22AgAj
kimi,3_aout,4,Indoor,CSH,0,Ag,Aj,1,kimi3_aout4IndoorCSH0AgAj
kimi,4_septembre,1,Indoor,CSH,22,Ag,Aj,1,kimi4_septembre1IndoorCSH22AgAj
kimi,4_septembre,1,Indoor,CSH,0,Ag,Aj,1,kimi4_septembre1IndoorCSH0AgAj
kimi,4_septembre,1,Indoor,CSH,0,Ag,Aj,1,kimi4_septembre1IndoorCSH0AgAj
kimi,4_septembre,1,Indoor,CSH,3,Ag,Aj,1,kimi4_septembre1IndoorCSH3AgAj
kimi,4_septembre,1,Outdoor,CSH,0,Ag,Aj,0,kimi4_septembre1OutdoorCSH0AgAj
kimi,4_septembre,1,Outdoor,CSH,2,Ag,Aj,0,kimi4_septembre1OutdoorCSH2AgAj
kimi,4_septembre,1,Outdoor,CSH,3,Ag,Aj,1,kimi4_septembre1OutdoorCSH3AgAj
kimi,4_septembre,1,Outdoor,CSH,3,Ag,Aj,0,kimi4_septembre1OutdoorCSH3AgAj
kimi,4_septembre,1,Outdoor,CSH,5,Ag,Aj,0,kimi4_septembre1OutdoorCSH5AgAj
kimi,4_septembre,1,Outdoor,CSH,5,Ag,Aj,0,kimi4_septembre1OutdoorCSH5AgAj
kimi,4_septembre,2,Indoor,CSH,21,Ag,Aj,0,kimi4_septembre2IndoorCSH21AgAj
kimi,4_septembre,2,Indoor,CSH,22,Ag,Aj,1,kimi4_septembre2IndoorCSH22AgAj
kimi,4_septembre,2,Indoor,CSH,0,Ag,Aj,NA,kimi4_septembre2IndoorCSH0AgAj
kimi,4_septembre,2,Indoor,CSH,1,Ag,Aj,0,kimi4_septembre2IndoorCSH1AgAj
kimi,4_septembre,2,Indoor,CSH,3,Ag,Aj,0,kimi4_septembre2IndoorCSH3AgAj
kimi,4_septembre,2,Outdoor,CSH,20,Ag,Aj,0,kimi4_septembre2OutdoorCSH20AgAj
kimi,4_septembre,2,Outdoor,CSH,20,Ag,Aj,0,kimi4_septembre2OutdoorCSH20AgAj
kimi,4_septembre,2,Outdoor,CSH,20,Ag,Aj,1,kimi4_septembre2OutdoorCSH20AgAj
kimi,4_septembre,2,Outdoor,CSH,22,Ag,Aj,0,kimi4_septembre2OutdoorCSH22AgAj
kimi,4_septembre,2,Outdoor,CSH,23,Ag,Aj,1,kimi4_septembre2OutdoorCSH23AgAj
kimi,4_septembre,2,Outdoor,CSH,23,Ag,Aj,0,kimi4_septembre2OutdoorCSH23AgAj
kimi,4_septembre,3,Indoor,CSH,21,Ag,Aj,1,kimi4_septembre3IndoorCSH21AgAj
kimi,4_septembre,3,Indoor,CSH,22,Ag,Aj,1,kimi4_septembre3IndoorCSH22AgAj
kimi,4_septembre,3,Indoor,CSH,22,Ag,Aj,0,kimi4_septembre3IndoorCSH22AgAj
kimi,4_septembre,3,Indoor,CSH,0,Ag,Aj,1,kimi4_septembre3IndoorCSH0AgAj
kimi,4_septembre,3,Indoor,CSH,0,Ag,Aj,1,kimi4_septembre3IndoorCSH0AgAj
kimi,4_septembre,3,Indoor,CSH,1,Ag,Aj,0,kimi4_septembre3IndoorCSH1AgAj
kimi,4_septembre,3,Indoor,CSH,1,Ag,Aj,0,kimi4_septembre3IndoorCSH1AgAj
kimi,4_septembre,3,Indoor,CSH,1,Ag,Aj,0,kimi4_septembre3IndoorCSH1AgAj
kimi,4_septembre,3,Indoor,CSH,1,Ag,Aj,0,kimi4_septembre3IndoorCSH1AgAj
kimi,4_septembre,3,Indoor,CSH,2,Ag,Aj,0,kimi4_septembre3IndoorCSH2AgAj
kimi,4_septembre,3,Indoor,CSH,2,Ag,Aj,0,kimi4_septembre3IndoorCSH2AgAj
kimi,4_septembre,3,Indoor,CSH,2,Ag,Aj,0,kimi4_septembre3IndoorCSH2AgAj
kimi,4_septembre,3,Indoor,CSH,4,Ag,Aj,1,kimi4_septembre3IndoorCSH4AgAj
kimi,4_septembre,3,Outdoor,CSH,22,Ag,Aj,1,kimi4_septembre3OutdoorCSH22AgAj
kimi,4_septembre,3,Outdoor,CSH,0,Ag,Aj,0,kimi4_septembre3OutdoorCSH0AgAj
kimi,4_septembre,3,Outdoor,CSH,0,Ag,Aj,1,kimi4_septembre3OutdoorCSH0AgAj
kimi,4_septembre,3,Outdoor,CSH,3,Ag,Aj,0,kimi4_septembre3OutdoorCSH3AgAj
kimi,4_septembre,3,Outdoor,CSH,3,Ag,Aj,0,kimi4_septembre3OutdoorCSH3AgAj
kimi,4_septembre,3,Outdoor,CSH,3,Ag,Aj,0,kimi4_septembre3OutdoorCSH3AgAj
kimi,4_septembre,4,Indoor,CSH,23,Ag,Aj,0,kimi4_septembre4IndoorCSH23AgAj
kimi,4_septembre,4,Indoor,CSH,23,Ag,Aj,1,kimi4_septembre4IndoorCSH23AgAj
kimi,4_septembre,4,Indoor,CSH,23,Ag,Aj,1,kimi4_septembre4IndoorCSH23AgAj
kimi,4_septembre,4,Indoor,CSH,1,Ag,Aj,1,kimi4_septembre4IndoorCSH1AgAj
kimi,4_septembre,4,Indoor,CSH,2,Ag,Aj,0,kimi4_septembre4IndoorCSH2AgAj
kimi,4_septembre,4,Outdoor,CSH,21,Ag,Aj,0,kimi4_septembre4OutdoorCSH21AgAj
kimi,4_septembre,4,Outdoor,CSH,22,Ag,Aj,0,kimi4_septembre4OutdoorCSH22AgAj
kimi,4_septembre,4,Outdoor,CSH,22,Ag,Aj,1,kimi4_septembre4OutdoorCSH22AgAj
kimi,4_septembre,4,Outdoor,CSH,23,Ag,Aj,0,kimi4_septembre4OutdoorCSH23AgAj
kimi,4_septembre,4,Outdoor,CSH,23,Ag,Aj,0,kimi4_septembre4OutdoorCSH23AgAj
kimi,4_septembre,4,Outdoor,CSH,0,Ag,Aj,0,kimi4_septembre4OutdoorCSH0AgAj
kimi,4_septembre,4,Outdoor,CSH,1,Ag,Aj,1,kimi4_septembre4OutdoorCSH1AgAj
kimi,4_septembre,4,Outdoor,CSH,3,Ag,Aj,1,kimi4_septembre4OutdoorCSH3AgAj
kimi,4_septembre,1,Indoor,CSH,21,Ag,Aj,1,kimi4_septembre1IndoorCSH21AgAj
kimi,4_septembre,1,Indoor,CSH,21,Ag,Aj,0,kimi4_septembre1IndoorCSH21AgAj
kimi,4_septembre,1,Indoor,CSH,22,Ag,Aj,0,kimi4_septembre1IndoorCSH22AgAj
kimi,4_septembre,1,Indoor,CSH,3,Ag,Aj,0,kimi4_septembre1IndoorCSH3AgAj
kimi,4_septembre,1,Outdoor,CSH,22,Ag,Aj,0,kimi4_septembre1OutdoorCSH22AgAj
kimi,4_septembre,1,Outdoor,CSH,0,Ag,Aj,0,kimi4_septembre1OutdoorCSH0AgAj
kimi,4_septembre,1,Outdoor,CSH,4,Ag,Aj,0,kimi4_septembre1OutdoorCSH4AgAj
kimi,4_septembre,3,Outdoor,CSH,1,Ag,Aj,0,kimi4_septembre3OutdoorCSH1AgAj
kimi,4_septembre,1,Indoor,CSH,23,Ag,Aj,0,kimi4_septembre1IndoorCSH23AgAj
kimi,4_septembre,1,Indoor,CSH,23,Ag,Aj,1,kimi4_septembre1IndoorCSH23AgAj
kimi,4_septembre,1,Indoor,CSH,1,Ag,Aj,0,kimi4_septembre1IndoorCSH1AgAj
kimi,4_septembre,1,Indoor,CSH,1,Ag,Aj,0,kimi4_septembre1IndoorCSH1AgAj
kimi,4_septembre,1,Indoor,CSH,1,Ag,Aj,0,kimi4_septembre1IndoorCSH1AgAj
kimi,4_septembre,1,Indoor,CSH,2,Ag,Aj,0,kimi4_septembre1IndoorCSH2AgAj
kimi,4_septembre,1,Indoor,CSH,0,Ag,Aj,0,kimi4_septembre1IndoorCSH0AgAj
kimi,4_septembre,1,Outdoor,CSH,0,Ag,Aj,0,kimi4_septembre1OutdoorCSH0AgAj
kimi,4_septembre,1,Outdoor,CSH,1,Ag,Aj,0,kimi4_septembre1OutdoorCSH1AgAj
kimi,4_septembre,1,Outdoor,CSH,1,Ag,Aj,0,kimi4_septembre1OutdoorCSH1AgAj
kimi,4_septembre,1,Outdoor,CSH,1,Ag,Aj,1,kimi4_septembre1OutdoorCSH1AgAj
kimi,4_septembre,2,Indoor,CSH,21,Ag,Aj,0,kimi4_septembre2IndoorCSH21AgAj
kimi,4_septembre,2,Indoor,CSH,23,Ag,Aj,1,kimi4_septembre2IndoorCSH23AgAj
kimi,4_septembre,2,Outdoor,CSH,2,Ag,Aj,1,kimi4_septembre2OutdoorCSH2AgAj
kimi,4_septembre,3,Indoor,CSH,21,Ag,Aj,NA,kimi4_septembre3IndoorCSH21AgAj
kimi,4_septembre,3,Indoor,CSH,21,Ag,Aj,1,kimi4_septembre3IndoorCSH21AgAj
kimi,4_septembre,3,Indoor,CSH,22,Ag,Aj,0,kimi4_septembre3IndoorCSH22AgAj
kimi,4_septembre,3,Indoor,CSH,22,Ag,Aj,0,kimi4_septembre3IndoorCSH22AgAj
kimi,4_septembre,3,Indoor,CSH,0,Ag,Aj,0,kimi4_septembre3IndoorCSH0AgAj
kimi,4_septembre,3,Indoor,CSH,0,Ag,Aj,1,kimi4_septembre3IndoorCSH0AgAj
kimi,4_septembre,3,Indoor,CSH,0,Ag,Aj,1,kimi4_septembre3IndoorCSH0AgAj
kimi,4_septembre,3,Indoor,CSH,0,Ag,Aj,0,kimi4_septembre3IndoorCSH0AgAj
kimi,4_septembre,3,Indoor,CSH,0,Ag,Aj,1,kimi4_septembre3IndoorCSH0AgAj
kimi,4_septembre,3,Indoor,CSH,1,Ag,Aj,0,kimi4_septembre3IndoorCSH1AgAj
kimi,4_septembre,3,Indoor,CSH,1,Ag,Aj,0,kimi4_septembre3IndoorCSH1AgAj
kimi,4_septembre,3,Indoor,CSH,1,Ag,Aj,1,kimi4_septembre3IndoorCSH1AgAj
kimi,4_septembre,3,Indoor,CSH,1,Ag,Aj,0,kimi4_septembre3IndoorCSH1AgAj
kimi,4_septembre,3,Indoor,CSH,1,Ag,Aj,0,kimi4_septembre3IndoorCSH1AgAj
kimi,4_septembre,3,Indoor,CSH,1,Ag,Aj,0,kimi4_septembre3IndoorCSH1AgAj
kimi,4_septembre,3,Indoor,CSH,1,Ag,Aj,0,kimi4_septembre3IndoorCSH1AgAj
kimi,4_septembre,3,Indoor,CSH,1,Ag,Aj,1,kimi4_septembre3IndoorCSH1AgAj
kimi,4_septembre,3,Indoor,CSH,1,Ag,Aj,0,kimi4_septembre3IndoorCSH1AgAj
kimi,4_septembre,3,Indoor,CSH,2,Ag,Aj,0,kimi4_septembre3IndoorCSH2AgAj
kimi,4_septembre,3,Indoor,CSH,2,Ag,Aj,0,kimi4_septembre3IndoorCSH2AgAj
kimi,4_septembre,3,Indoor,CSH,2,Ag,Aj,NA,kimi4_septembre3IndoorCSH2AgAj
kimi,4_septembre,3,Indoor,CSH,2,Ag,Aj,1,kimi4_septembre3IndoorCSH2AgAj
kimi,4_septembre,3,Indoor,CSH,3,Ag,Aj,0,kimi4_septembre3IndoorCSH3AgAj
kimi,4_septembre,3,Indoor,CSH,4,Ag,Aj,1,kimi4_septembre3IndoorCSH4AgAj
kimi,4_septembre,3,Indoor,CSH,4,Ag,Aj,0,kimi4_septembre3IndoorCSH4AgAj
kimi,4_septembre,3,Indoor,CSH,4,Ag,Aj,1,kimi4_septembre3IndoorCSH4AgAj
kimi,4_septembre,3,Indoor,CSH,4,Ag,Aj,0,kimi4_septembre3IndoorCSH4AgAj
kimi,4_septembre,3,Indoor,CSH,4,Ag,Aj,1,kimi4_septembre3IndoorCSH4AgAj
kimi,4_septembre,3,Indoor,CSH,5,Ag,Aj,NA,kimi4_septembre3IndoorCSH5AgAj
kimi,4_septembre,3,Outdoor,CSH,21,Ag,Aj,0,kimi4_septembre3OutdoorCSH21AgAj
kimi,4_septembre,3,Outdoor,CSH,22,Ag,Aj,NA,kimi4_septembre3OutdoorCSH22AgAj
kimi,4_septembre,3,Outdoor,CSH,23,Ag,Aj,1,kimi4_septembre3OutdoorCSH23AgAj
kimi,4_septembre,3,Outdoor,CSH,23,Ag,Aj,0,kimi4_septembre3OutdoorCSH23AgAj
kimi,4_septembre,3,Outdoor,CSH,23,Ag,Aj,0,kimi4_septembre3OutdoorCSH23AgAj
kimi,4_septembre,3,Outdoor,CSH,2,Ag,Aj,NA,kimi4_septembre3OutdoorCSH2AgAj
kimi,4_septembre,3,Outdoor,CSH,2,Ag,Aj,1,kimi4_septembre3OutdoorCSH2AgAj
kimi,4_septembre,3,Outdoor,CSH,2,Ag,Aj,0,kimi4_septembre3OutdoorCSH2AgAj
kimi,4_septembre,3,Outdoor,CSH,2,Ag,Aj,1,kimi4_septembre3OutdoorCSH2AgAj
kimi,4_septembre,3,Outdoor,CSH,2,Ag,Aj,0,kimi4_septembre3OutdoorCSH2AgAj
kimi,4_septembre,3,Outdoor,CSH,2,Ag,Aj,0,kimi4_septembre3OutdoorCSH2AgAj
kimi,4_septembre,3,Outdoor,CSH,2,Ag,Aj,0,kimi4_septembre3OutdoorCSH2AgAj
kimi,4_septembre,4,Indoor,CSH,21,Ag,Aj,0,kimi4_septembre4IndoorCSH21AgAj
kimi,4_septembre,4,Indoor,CSH,23,Ag,Aj,0,kimi4_septembre4IndoorCSH23AgAj
kimi,4_septembre,4,Indoor,CSH,23,Ag,Aj,0,kimi4_septembre4IndoorCSH23AgAj
kimi,4_septembre,4,Indoor,CSH,1,Ag,Aj,1,kimi4_septembre4IndoorCSH1AgAj
kimi,4_septembre,4,Indoor,CSH,1,Ag,Aj,0,kimi4_septembre4IndoorCSH1AgAj
kimi,4_septembre,4,Indoor,CSH,2,Ag,Aj,0,kimi4_septembre4IndoorCSH2AgAj
kimi,4_septembre,4,Indoor,CSH,2,Ag,Aj,0,kimi4_septembre4IndoorCSH2AgAj
kimi,4_septembre,4,Indoor,CSH,2,Ag,Aj,0,kimi4_septembre4IndoorCSH2AgAj
kimi,4_septembre,4,Indoor,CSH,2,Ag,Aj,1,kimi4_septembre4IndoorCSH2AgAj
kimi,4_septembre,4,Indoor,CSH,3,Ag,Aj,1,kimi4_septembre4IndoorCSH3AgAj
kimi,4_septembre,4,Indoor,CSH,3,Ag,Aj,0,kimi4_septembre4IndoorCSH3AgAj
kimi,4_septembre,4,Indoor,CSH,4,Ag,Aj,0,kimi4_septembre4IndoorCSH4AgAj
kimi,4_septembre,4,Indoor,CSH,4,Ag,Aj,0,kimi4_septembre4IndoorCSH4AgAj
kimi,4_septembre,4,Outdoor,CSH,23,Ag,Aj,0,kimi4_septembre4OutdoorCSH23AgAj
kimi,4_septembre,4,Outdoor,CSH,23,Ag,Aj,NA,kimi4_septembre4OutdoorCSH23AgAj
kimi,4_septembre,4,Outdoor,CSH,1,Ag,Aj,0,kimi4_septembre4OutdoorCSH1AgAj
kimi,4_septembre,4,Outdoor,CSH,1,Ag,Aj,0,kimi4_septembre4OutdoorCSH1AgAj
kimi,4_septembre,4,Outdoor,CSH,1,Ag,Aj,1,kimi4_septembre4OutdoorCSH1AgAj
kimi,4_septembre,4,Outdoor,CSH,1,Ag,Aj,1,kimi4_septembre4OutdoorCSH1AgAj
kimi,4_septembre,4,Outdoor,CSH,1,Ag,Aj,1,kimi4_septembre4OutdoorCSH1AgAj
kimi,4_septembre,4,Outdoor,CSH,1,Ag,Aj,1,kimi4_septembre4OutdoorCSH1AgAj
kimi,4_septembre,4,Outdoor,CSH,2,Ag,Aj,0,kimi4_septembre4OutdoorCSH2AgAj
kimi,4_septembre,4,Outdoor,CSH,2,Ag,Aj,0,kimi4_septembre4OutdoorCSH2AgAj
kimi,4_septembre,4,Outdoor,CSH,2,Ag,Aj,0,kimi4_septembre4OutdoorCSH2AgAj
kimi,4_septembre,4,Outdoor,CSH,2,Ag,Aj,0,kimi4_septembre4OutdoorCSH2AgAj
kimi,4_septembre,4,Outdoor,CSH,2,Ag,Aj,0,kimi4_septembre4OutdoorCSH2AgAj
kimi,4_septembre,4,Outdoor,CSH,2,Ag,Aj,1,kimi4_septembre4OutdoorCSH2AgAj
kimi,5_octobre,1,Indoor,CSH,22,Ag,Aj,0,kimi5_octobre1IndoorCSH22AgAj
kimi,5_octobre,1,Indoor,CSH,22,Ag,Aj,1,kimi5_octobre1IndoorCSH22AgAj
kimi,5_octobre,1,Indoor,CSH,23,Ag,Aj,NA,kimi5_octobre1IndoorCSH23AgAj
kimi,5_octobre,1,Indoor,CSH,2,Ag,Aj,1,kimi5_octobre1IndoorCSH2AgAj
kimi,5_octobre,1,Indoor,CSH,2,Ag,Aj,1,kimi5_octobre1IndoorCSH2AgAj
kimi,5_octobre,1,Indoor,CSH,4,Ag,Aj,0,kimi5_octobre1IndoorCSH4AgAj
kimi,5_octobre,1,Indoor,CSH,4,Ag,Aj,1,kimi5_octobre1IndoorCSH4AgAj
kimi,5_octobre,3,Outdoor,CSH,23,Ag,Aj,0,kimi5_octobre3OutdoorCSH23AgAj
kimi,5_octobre,3,Indoor,CSH,0,Ag,Aj,1,kimi5_octobre3IndoorCSH0AgAj
kimi,5_octobre,3,Indoor,CSH,2,Ag,Aj,0,kimi5_octobre3IndoorCSH2AgAj
kimi,5_octobre,3,Indoor,CSH,5,Ag,Aj,1,kimi5_octobre3IndoorCSH5AgAj
kimi,5_octobre,1,Indoor,CSH,23,Ag,Aj,1,kimi5_octobre1IndoorCSH23AgAj
kimi,5_octobre,1,Indoor,CSH,23,Ag,Aj,1,kimi5_octobre1IndoorCSH23AgAj
kimi,5_octobre,1,Indoor,CSH,0,Ag,Aj,0,kimi5_octobre1IndoorCSH0AgAj
kimi,5_octobre,1,Indoor,CSH,0,Ag,Aj,1,kimi5_octobre1IndoorCSH0AgAj
kimi,5_octobre,1,Indoor,CSH,0,Ag,Aj,1,kimi5_octobre1IndoorCSH0AgAj
kimi,5_octobre,1,Indoor,CSH,4,Ag,Aj,0,kimi5_octobre1IndoorCSH4AgAj
kimi,5_octobre,1,Indoor,CSH,4,Ag,Aj,1,kimi5_octobre1IndoorCSH4AgAj
kimi,5_octobre,1,Outdoor,CSH,22,Ag,Aj,0,kimi5_octobre1OutdoorCSH22AgAj
kimi,5_octobre,1,Outdoor,CSH,0,Ag,Aj,0,kimi5_octobre1OutdoorCSH0AgAj
kimi,5_octobre,1,Outdoor,CSH,3,Ag,Aj,1,kimi5_octobre1OutdoorCSH3AgAj
kimi,5_octobre,1,Outdoor,CSH,4,Ag,Aj,0,kimi5_octobre1OutdoorCSH4AgAj
kimi,5_octobre,2,Indoor,CSH,0,Ag,Aj,1,kimi5_octobre2IndoorCSH0AgAj
kimi,5_octobre,2,Indoor,CSH,0,Ag,Aj,1,kimi5_octobre2IndoorCSH0AgAj
kimi,5_octobre,2,Indoor,CSH,1,Ag,Aj,1,kimi5_octobre2IndoorCSH1AgAj
kimi,5_octobre,2,Indoor,CSH,1,Ag,Aj,1,kimi5_octobre2IndoorCSH1AgAj
kimi,5_octobre,2,Indoor,CSH,1,Ag,Aj,1,kimi5_octobre2IndoorCSH1AgAj
kimi,5_octobre,2,Indoor,CSH,1,Ag,Aj,0,kimi5_octobre2IndoorCSH1AgAj
kimi,5_octobre,2,Indoor,CSH,3,Ag,Aj,1,kimi5_octobre2IndoorCSH3AgAj
kimi,5_octobre,2,Indoor,CSH,4,Ag,Aj,0,kimi5_octobre2IndoorCSH4AgAj
kimi,5_octobre,2,Indoor,CSH,4,Ag,Aj,1,kimi5_octobre2IndoorCSH4AgAj
kimi,5_octobre,2,Outdoor,CSH,23,Ag,Aj,1,kimi5_octobre2OutdoorCSH23AgAj
kimi,5_octobre,2,Outdoor,CSH,23,Ag,Aj,0,kimi5_octobre2OutdoorCSH23AgAj
kimi,5_octobre,2,Outdoor,CSH,23,Ag,Aj,0,kimi5_octobre2OutdoorCSH23AgAj
kimi,5_octobre,2,Outdoor,CSH,23,Ag,Aj,1,kimi5_octobre2OutdoorCSH23AgAj
kimi,5_octobre,2,Outdoor,CSH,23,Ag,Aj,1,kimi5_octobre2OutdoorCSH23AgAj
kimi,5_octobre,2,Outdoor,CSH,2,Ag,Aj,1,kimi5_octobre2OutdoorCSH2AgAj
kimi,5_octobre,2,Outdoor,CSH,2,Ag,Aj,1,kimi5_octobre2OutdoorCSH2AgAj
kimi,5_octobre,2,Outdoor,CSH,4,Ag,Aj,1,kimi5_octobre2OutdoorCSH4AgAj
kimi,5_octobre,3,Indoor,CSH,22,Ag,Aj,NA,kimi5_octobre3IndoorCSH22AgAj
kimi,5_octobre,3,Indoor,CSH,22,Ag,Aj,0,kimi5_octobre3IndoorCSH22AgAj
kimi,5_octobre,3,Indoor,CSH,22,Ag,Aj,1,kimi5_octobre3IndoorCSH22AgAj
kimi,5_octobre,3,Indoor,CSH,23,Ag,Aj,1,kimi5_octobre3IndoorCSH23AgAj
kimi,5_octobre,3,Indoor,CSH,23,Ag,Aj,1,kimi5_octobre3IndoorCSH23AgAj
kimi,5_octobre,3,Indoor,CSH,23,Ag,Aj,1,kimi5_octobre3IndoorCSH23AgAj
kimi,5_octobre,3,Indoor,CSH,23,Ag,Aj,1,kimi5_octobre3IndoorCSH23AgAj
kimi,5_octobre,3,Indoor,CSH,23,Ag,Aj,1,kimi5_octobre3IndoorCSH23AgAj
kimi,5_octobre,3,Indoor,CSH,2,Ag,Aj,1,kimi5_octobre3IndoorCSH2AgAj
kimi,5_octobre,3,Indoor,CSH,2,Ag,Aj,1,kimi5_octobre3IndoorCSH2AgAj
kimi,5_octobre,3,Indoor,CSH,2,Ag,Aj,1,kimi5_octobre3IndoorCSH2AgAj
kimi,5_octobre,3,Indoor,CSH,2,Ag,Aj,1,kimi5_octobre3IndoorCSH2AgAj
kimi,5_octobre,3,Indoor,CSH,2,Ag,Aj,1,kimi5_octobre3IndoorCSH2AgAj
kimi,5_octobre,3,Indoor,CSH,3,Ag,Aj,0,kimi5_octobre3IndoorCSH3AgAj
kimi,5_octobre,3,Indoor,CSH,3,Ag,Aj,1,kimi5_octobre3IndoorCSH3AgAj
kimi,5_octobre,3,Indoor,CSH,3,Ag,Aj,1,kimi5_octobre3IndoorCSH3AgAj
kimi,5_octobre,3,Indoor,CSH,3,Ag,Aj,NA,kimi5_octobre3IndoorCSH3AgAj
kimi,5_octobre,3,Indoor,CSH,4,Ag,Aj,NA,kimi5_octobre3IndoorCSH4AgAj
kimi,5_octobre,3,Outdoor,CSH,22,Ag,Aj,1,kimi5_octobre3OutdoorCSH22AgAj
kimi,5_octobre,3,Outdoor,CSH,22,Ag,Aj,1,kimi5_octobre3OutdoorCSH22AgAj
kimi,5_octobre,3,Outdoor,CSH,22,Ag,Aj,1,kimi5_octobre3OutdoorCSH22AgAj
kimi,5_octobre,3,Outdoor,CSH,23,Ag,Aj,1,kimi5_octobre3OutdoorCSH23AgAj
kimi,5_octobre,3,Outdoor,CSH,23,Ag,Aj,1,kimi5_octobre3OutdoorCSH23AgAj
kimi,5_octobre,3,Outdoor,CSH,0,Ag,Aj,0,kimi5_octobre3OutdoorCSH0AgAj
kimi,5_octobre,3,Outdoor,CSH,1,Ag,Aj,1,kimi5_octobre3OutdoorCSH1AgAj
kimi,5_octobre,3,Outdoor,CSH,1,Ag,Aj,NA,kimi5_octobre3OutdoorCSH1AgAj
kimi,5_octobre,3,Outdoor,CSH,1,Ag,Aj,NA,kimi5_octobre3OutdoorCSH1AgAj
kimi,5_octobre,3,Outdoor,CSH,1,Ag,Aj,0,kimi5_octobre3OutdoorCSH1AgAj
kimi,5_octobre,3,Outdoor,CSH,1,Ag,Aj,NA,kimi5_octobre3OutdoorCSH1AgAj
kimi,5_octobre,3,Outdoor,CSH,1,Ag,Aj,1,kimi5_octobre3OutdoorCSH1AgAj
kimi,5_octobre,3,Outdoor,CSH,4,Ag,Aj,0,kimi5_octobre3OutdoorCSH4AgAj
kimi,5_octobre,3,Outdoor,CSH,4,Ag,Aj,NA,kimi5_octobre3OutdoorCSH4AgAj
kimi,5_octobre,3,Outdoor,CSH,4,Ag,Aj,1,kimi5_octobre3OutdoorCSH4AgAj
kimi,5_octobre,4,Indoor,CSH,23,Ag,Aj,NA,kimi5_octobre4IndoorCSH23AgAj
kimi,5_octobre,4,Indoor,CSH,1,Ag,Aj,1,kimi5_octobre4IndoorCSH1AgAj
kimi,5_octobre,4,Indoor,CSH,1,Ag,Aj,1,kimi5_octobre4IndoorCSH1AgAj
kimi,5_octobre,4,Outdoor,CSH,23,Ag,Aj,1,kimi5_octobre4OutdoorCSH23AgAj
kimi,5_octobre,4,Outdoor,CSH,1,Ag,Aj,1,kimi5_octobre4OutdoorCSH1AgAj
kimi,5_octobre,4,Outdoor,CSH,3,Ag,Aj,NA,kimi5_octobre4OutdoorCSH3AgAj
kimi,5_octobre,4,Outdoor,CSH,3,Ag,Aj,1,kimi5_octobre4OutdoorCSH3AgAj
kimi,5_octobre,4,Outdoor,CSH,3,Ag,Aj,0,kimi5_octobre4OutdoorCSH3AgAj
kimi,5_octobre,4,Outdoor,CSH,3,Ag,Aj,1,kimi5_octobre4OutdoorCSH3AgAj
kimi,5_octobre,1,Indoor,CSH,0,Ag,Aj,1,kimi5_octobre1IndoorCSH0AgAj
kimi,5_octobre,1,Indoor,CSH,4,Ag,Aj,1,kimi5_octobre1IndoorCSH4AgAj
kimi,5_octobre,1,Outdoor,CSH,0,Ag,Aj,1,kimi5_octobre1OutdoorCSH0AgAj
kimi,5_octobre,1,Outdoor,CSH,2,Ag,Aj,NA,kimi5_octobre1OutdoorCSH2AgAj
kimi,5_octobre,3,Indoor,CSH,0,Ag,Aj,NA,kimi5_octobre3IndoorCSH0AgAj
kimi,5_octobre,3,Indoor,CSH,5,Ag,Aj,NA,kimi5_octobre3IndoorCSH5AgAj
kimi,5_octobre,3,Outdoor,CSH,4,Ag,Aj,1,kimi5_octobre3OutdoorCSH4AgAj
kimi,5_octobre,4,Indoor,CSH,1,Ag,Aj,1,kimi5_octobre4IndoorCSH1AgAj
kimi,5_octobre,1,Indoor,CSH,23,Ag,Aj,1,kimi5_octobre1IndoorCSH23AgAj
kimi,5_octobre,1,Indoor,CSH,23,Ag,Aj,NA,kimi5_octobre1IndoorCSH23AgAj
kimi,5_octobre,1,Indoor,CSH,0,Ag,Aj,1,kimi5_octobre1IndoorCSH0AgAj
kimi,5_octobre,1,Indoor,CSH,0,Ag,Aj,1,kimi5_octobre1IndoorCSH0AgAj
kimi,5_octobre,1,Indoor,CSH,0,Ag,Aj,1,kimi5_octobre1IndoorCSH0AgAj
kimi,5_octobre,1,Indoor,CSH,1,Ag,Aj,1,kimi5_octobre1IndoorCSH1AgAj
kimi,5_octobre,1,Outdoor,CSH,21,Ag,Aj,NA,kimi5_octobre1OutdoorCSH21AgAj
kimi,5_octobre,1,Outdoor,CSH,21,Ag,Aj,1,kimi5_octobre1OutdoorCSH21AgAj
kimi,5_octobre,1,Outdoor,CSH,23,Ag,Aj,0,kimi5_octobre1OutdoorCSH23AgAj
kimi,5_octobre,1,Outdoor,CSH,23,Ag,Aj,NA,kimi5_octobre1OutdoorCSH23AgAj
kimi,5_octobre,1,Outdoor,CSH,0,Ag,Aj,NA,kimi5_octobre1OutdoorCSH0AgAj
kimi,5_octobre,1,Outdoor,CSH,1,Ag,Aj,1,kimi5_octobre1OutdoorCSH1AgAj
kimi,5_octobre,1,Outdoor,CSH,1,Ag,Aj,0,kimi5_octobre1OutdoorCSH1AgAj
kimi,5_octobre,1,Outdoor,CSH,2,Ag,Aj,NA,kimi5_octobre1OutdoorCSH2AgAj
kimi,5_octobre,2,Indoor,CSH,21,Ag,Aj,1,kimi5_octobre2IndoorCSH21AgAj
kimi,5_octobre,2,Indoor,CSH,22,Ag,Aj,1,kimi5_octobre2IndoorCSH22AgAj
kimi,5_octobre,2,Indoor,CSH,23,Ag,Aj,1,kimi5_octobre2IndoorCSH23AgAj
kimi,5_octobre,2,Indoor,CSH,23,Ag,Aj,1,kimi5_octobre2IndoorCSH23AgAj
kimi,5_octobre,2,Indoor,CSH,0,Ag,Aj,1,kimi5_octobre2IndoorCSH0AgAj
kimi,5_octobre,2,Indoor,CSH,0,Ag,Aj,NA,kimi5_octobre2IndoorCSH0AgAj
kimi,5_octobre,2,Indoor,CSH,1,Ag,Aj,1,kimi5_octobre2IndoorCSH1AgAj
kimi,5_octobre,2,Indoor,CSH,23,Ag,Aj,1,kimi5_octobre2IndoorCSH23AgAj
kimi,5_octobre,2,Outdoor,CSH,1,Ag,Aj,1,kimi5_octobre2OutdoorCSH1AgAj
kimi,5_octobre,2,Outdoor,CSH,21,Ag,Aj,1,kimi5_octobre2OutdoorCSH21AgAj
kimi,5_octobre,3,Indoor,CSH,21,Ag,Aj,1,kimi5_octobre3IndoorCSH21AgAj
kimi,5_octobre,3,Indoor,CSH,0,Ag,Aj,1,kimi5_octobre3IndoorCSH0AgAj
kimi,5_octobre,3,Indoor,CSH,0,Ag,Aj,1,kimi5_octobre3IndoorCSH0AgAj
kimi,5_octobre,3,Indoor,CSH,1,Ag,Aj,1,kimi5_octobre3IndoorCSH1AgAj
kimi,5_octobre,3,Indoor,CSH,1,Ag,Aj,1,kimi5_octobre3IndoorCSH1AgAj
kimi,5_octobre,3,Indoor,CSH,1,Ag,Aj,NA,kimi5_octobre3IndoorCSH1AgAj
kimi,5_octobre,3,Indoor,CSH,1,Ag,Aj,1,kimi5_octobre3IndoorCSH1AgAj
kimi,5_octobre,3,Indoor,CSH,1,Ag,Aj,1,kimi5_octobre3IndoorCSH1AgAj
kimi,5_octobre,3,Indoor,CSH,1,Ag,Aj,1,kimi5_octobre3IndoorCSH1AgAj
kimi,5_octobre,3,Indoor,CSH,3,Ag,Aj,1,kimi5_octobre3IndoorCSH3AgAj
kimi,5_octobre,3,Indoor,CSH,3,Ag,Aj,NA,kimi5_octobre3IndoorCSH3AgAj
kimi,5_octobre,3,Indoor,CSH,3,Ag,Aj,1,kimi5_octobre3IndoorCSH3AgAj
kimi,5_octobre,3,Indoor,CSH,4,Ag,Aj,1,kimi5_octobre3IndoorCSH4AgAj
kimi,5_octobre,3,Indoor,CSH,4,Ag,Aj,1,kimi5_octobre3IndoorCSH4AgAj
kimi,5_octobre,3,Indoor,CSH,5,Ag,Aj,1,kimi5_octobre3IndoorCSH5AgAj
kimi,5_octobre,3,Indoor,CSH,5,Ag,Aj,1,kimi5_octobre3IndoorCSH5AgAj
kimi,5_octobre,3,Indoor,CSH,5,Ag,Aj,1,kimi5_octobre3IndoorCSH5AgAj
kimi,5_octobre,3,Outdoor,CSH,23,Ag,Aj,1,kimi5_octobre3OutdoorCSH23AgAj
kimi,5_octobre,3,Outdoor,CSH,23,Ag,Aj,NA,kimi5_octobre3OutdoorCSH23AgAj
kimi,5_octobre,3,Outdoor,CSH,23,Ag,Aj,1,kimi5_octobre3OutdoorCSH23AgAj
kimi,5_octobre,3,Outdoor,CSH,0,Ag,Aj,0,kimi5_octobre3OutdoorCSH0AgAj
kimi,5_octobre,3,Outdoor,CSH,0,Ag,Aj,1,kimi5_octobre3OutdoorCSH0AgAj
kimi,5_octobre,4,Indoor,CSH,0,Ag,Aj,1,kimi5_octobre4IndoorCSH0AgAj
kimi,5_octobre,4,Indoor,CSH,0,Ag,Aj,1,kimi5_octobre4IndoorCSH0AgAj
kimi,5_octobre,4,Indoor,CSH,1,Ag,Aj,1,kimi5_octobre4IndoorCSH1AgAj
kimi,5_octobre,4,Indoor,CSH,1,Ag,Aj,1,kimi5_octobre4IndoorCSH1AgAj
kimi,5_octobre,4,Indoor,CSH,1,Ag,Aj,1,kimi5_octobre4IndoorCSH1AgAj
kimi,5_octobre,4,Indoor,CSH,1,Ag,Aj,1,kimi5_octobre4IndoorCSH1AgAj
kimi,5_octobre,4,Outdoor,CSH,21,Ag,Aj,1,kimi5_octobre4OutdoorCSH21AgAj
kimi,5_octobre,4,Outdoor,CSH,23,Ag,Aj,NA,kimi5_octobre4OutdoorCSH23AgAj
kimi,5_octobre,4,Outdoor,CSH,1,Ag,Aj,1,kimi5_octobre4OutdoorCSH1AgAj
kimi,5_octobre,4,Outdoor,CSH,1,Ag,Aj,1,kimi5_octobre4OutdoorCSH1AgAj
kimi,5_octobre,4,Outdoor,CSH,2,Ag,Aj,1,kimi5_octobre4OutdoorCSH2AgAj
kimi,5_octobre,4,Outdoor,CSH,2,Ag,Aj,1,kimi5_octobre4OutdoorCSH2AgAj
kimi,5_octobre,1,Indoor,CSH,4,Ag,Aj,NA,kimi5_octobre1IndoorCSH4AgAj
kimi,5_octobre,3,Indoor,CSH,23,Ag,Aj,1,kimi5_octobre3IndoorCSH23AgAj
kimi,5_octobre,3,Indoor,CSH,0,Ag,Aj,1,kimi5_octobre3IndoorCSH0AgAj
kimi,5_octobre,3,Indoor,CSH,3,Ag,Aj,1,kimi5_octobre3IndoorCSH3AgAj
kimi,5_octobre,3,Indoor,CSH,5,Ag,Aj,1,kimi5_octobre3IndoorCSH5AgAj
kimi,5_octobre,3,Outdoor,CSH,4,Ag,Aj,1,kimi5_octobre3OutdoorCSH4AgAj
kimi,5_octobre,4,Indoor,CSH,1,Ag,Aj,NA,kimi5_octobre4IndoorCSH1AgAj
kimi,5_octobre,1,Indoor,CSH,1,Ag,Aj,1,kimi5_octobre1IndoorCSH1AgAj
kimi,5_octobre,3,Outdoor,CSH,1,Ag,Aj,1,kimi5_octobre3OutdoorCSH1AgAj
kimi,5_octobre,3,Outdoor,CSH,2,Ag,Aj,NA,kimi5_octobre3OutdoorCSH2AgAj
kimi,6_novembre,1,Indoor,CSH,21,Ag,Aj,1,kimi6_novembre1IndoorCSH21AgAj
kimi,6_novembre,1,Indoor,CSH,22,Ag,Aj,1,kimi6_novembre1IndoorCSH22AgAj
kimi,6_novembre,1,Indoor,CSH,23,Ag,Aj,1,kimi6_novembre1IndoorCSH23AgAj
kimi,6_novembre,1,Indoor,CSH,0,Ag,Aj,1,kimi6_novembre1IndoorCSH0AgAj
kimi,6_novembre,1,Indoor,CSH,0,Ag,Aj,0,kimi6_novembre1IndoorCSH0AgAj
kimi,6_novembre,1,Indoor,CSH,1,Ag,Aj,1,kimi6_novembre1IndoorCSH1AgAj
kimi,6_novembre,1,Indoor,CSH,1,Ag,Aj,1,kimi6_novembre1IndoorCSH1AgAj
kimi,6_novembre,1,Indoor,CSH,3,Ag,Aj,NA,kimi6_novembre1IndoorCSH3AgAj
kimi,6_novembre,1,Indoor,CSH,3,Ag,Aj,1,kimi6_novembre1IndoorCSH3AgAj
kimi,6_novembre,1,Outdoor,CSH,22,Ag,Aj,0,kimi6_novembre1OutdoorCSH22AgAj
kimi,6_novembre,1,Outdoor,CSH,22,Ag,Aj,0,kimi6_novembre1OutdoorCSH22AgAj
kimi,6_novembre,1,Outdoor,CSH,23,Ag,Aj,0,kimi6_novembre1OutdoorCSH23AgAj
kimi,6_novembre,1,Outdoor,CSH,4,Ag,Aj,0,kimi6_novembre1OutdoorCSH4AgAj
kimi,6_novembre,2,Indoor,CSH,22,Ag,Aj,0,kimi6_novembre2IndoorCSH22AgAj
kimi,6_novembre,2,Indoor,CSH,22,Ag,Aj,0,kimi6_novembre2IndoorCSH22AgAj
kimi,6_novembre,2,Indoor,CSH,2,Ag,Aj,0,kimi6_novembre2IndoorCSH2AgAj
kimi,6_novembre,2,Outdoor,CSH,21,Ag,Aj,0,kimi6_novembre2OutdoorCSH21AgAj
kimi,6_novembre,2,Outdoor,CSH,21,Ag,Aj,1,kimi6_novembre2OutdoorCSH21AgAj
kimi,6_novembre,2,Outdoor,CSH,1,Ag,Aj,1,kimi6_novembre2OutdoorCSH1AgAj
kimi,6_novembre,3,Indoor,CSH,21,Ag,Aj,0,kimi6_novembre3IndoorCSH21AgAj
kimi,6_novembre,3,Indoor,CSH,22,Ag,Aj,1,kimi6_novembre3IndoorCSH22AgAj
kimi,6_novembre,3,Indoor,CSH,23,Ag,Aj,NA,kimi6_novembre3IndoorCSH23AgAj
kimi,6_novembre,3,Indoor,CSH,1,Ag,Aj,NA,kimi6_novembre3IndoorCSH1AgAj
kimi,6_novembre,3,Indoor,CSH,1,Ag,Aj,1,kimi6_novembre3IndoorCSH1AgAj
kimi,6_novembre,3,Indoor,CSH,1,Ag,Aj,1,kimi6_novembre3IndoorCSH1AgAj
kimi,6_novembre,3,Indoor,CSH,2,Ag,Aj,0,kimi6_novembre3IndoorCSH2AgAj
kimi,6_novembre,3,Indoor,CSH,3,Ag,Aj,1,kimi6_novembre3IndoorCSH3AgAj
kimi,6_novembre,3,Indoor,CSH,4,Ag,Aj,NA,kimi6_novembre3IndoorCSH4AgAj
kimi,6_novembre,3,Outdoor,CSH,22,Ag,Aj,1,kimi6_novembre3OutdoorCSH22AgAj
kimi,6_novembre,3,Outdoor,CSH,22,Ag,Aj,1,kimi6_novembre3OutdoorCSH22AgAj
kimi,6_novembre,3,Outdoor,CSH,23,Ag,Aj,1,kimi6_novembre3OutdoorCSH23AgAj
kimi,6_novembre,3,Outdoor,CSH,23,Ag,Aj,1,kimi6_novembre3OutdoorCSH23AgAj
kimi,6_novembre,3,Outdoor,CSH,0,Ag,Aj,1,kimi6_novembre3OutdoorCSH0AgAj
kimi,6_novembre,3,Outdoor,CSH,0,Ag,Aj,NA,kimi6_novembre3OutdoorCSH0AgAj
kimi,6_novembre,3,Outdoor,CSH,0,Ag,Aj,0,kimi6_novembre3OutdoorCSH0AgAj
kimi,6_novembre,3,Outdoor,CSH,2,Ag,Aj,0,kimi6_novembre3OutdoorCSH2AgAj
kimi,6_novembre,4,Outdoor,CSH,23,Ag,Aj,1,kimi6_novembre4OutdoorCSH23AgAj
kimi,6_novembre,4,Outdoor,CSH,23,Ag,Aj,NA,kimi6_novembre4OutdoorCSH23AgAj
kimi,6_novembre,4,Outdoor,CSH,0,Ag,Aj,1,kimi6_novembre4OutdoorCSH0AgAj
kimi,6_novembre,4,Outdoor,CSH,0,Ag,Aj,1,kimi6_novembre4OutdoorCSH0AgAj
kimi,6_novembre,4,Outdoor,CSH,0,Ag,Aj,0,kimi6_novembre4OutdoorCSH0AgAj
kimi,6_novembre,4,Outdoor,CSH,0,Ag,Aj,NA,kimi6_novembre4OutdoorCSH0AgAj
kimi,6_novembre,4,Outdoor,CSH,3,Ag,Aj,0,kimi6_novembre4OutdoorCSH3AgAj
kimi,6_novembre,3,Outdoor,CSH,1,Ag,Aj,NA,kimi6_novembre3OutdoorCSH1AgAj
kimi,6_novembre,3,Outdoor,CSH,2,Ag,Aj,NA,kimi6_novembre3OutdoorCSH2AgAj
kimi,6_novembre,2,Indoor,CSH,0,Ag,Aj,1,kimi6_novembre2IndoorCSH0AgAj
kimi,6_novembre,2,Indoor,CSH,1,Ag,Aj,1,kimi6_novembre2IndoorCSH1AgAj
kimi,6_novembre,2,Indoor,CSH,4,Ag,Aj,NA,kimi6_novembre2IndoorCSH4AgAj
kimi,6_novembre,1,Indoor,CSH,22,Ag,Aj,0,kimi6_novembre1IndoorCSH22AgAj
kimi,6_novembre,1,Indoor,CSH,2,Ag,Aj,0,kimi6_novembre1IndoorCSH2AgAj
kimi,6_novembre,1,Indoor,CSH,2,Ag,Aj,0,kimi6_novembre1IndoorCSH2AgAj
kimi,6_novembre,3,Indoor,CSH,1,Ag,Aj,1,kimi6_novembre3IndoorCSH1AgAj
kimi,6_novembre,3,Indoor,CSH,3,Ag,Aj,1,kimi6_novembre3IndoorCSH3AgAj
kimi,6_novembre,3,Outdoor,CSH,23,Ag,Aj,1,kimi6_novembre3OutdoorCSH23AgAj
kimi,6_novembre,3,Outdoor,CSH,1,Ag,Aj,1,kimi6_novembre3OutdoorCSH1AgAj
kimi,6_novembre,3,Outdoor,CSH,1,Ag,Aj,0,kimi6_novembre3OutdoorCSH1AgAj
kimi,6_novembre,2,Indoor,CSH,0,Ag,Aj,0,kimi6_novembre2IndoorCSH0AgAj
kimi,6_novembre,2,Outdoor,CSH,20,Ag,Aj,1,kimi6_novembre2OutdoorCSH20AgAj
kimi,6_novembre,2,Outdoor,CSH,21,Ag,Aj,0,kimi6_novembre2OutdoorCSH21AgAj
kimi,6_novembre,2,Outdoor,CSH,21,Ag,Aj,1,kimi6_novembre2OutdoorCSH21AgAj
kimi,6_novembre,2,Outdoor,CSH,23,Ag,Aj,0,kimi6_novembre2OutdoorCSH23AgAj
kimi,6_novembre,2,Outdoor,CSH,0,Ag,Aj,1,kimi6_novembre2OutdoorCSH0AgAj
kimi,6_novembre,2,Outdoor,CSH,0,Ag,Aj,1,kimi6_novembre2OutdoorCSH0AgAj
kimi,6_novembre,1,Indoor,CSH,5,Ag,Aj,1,kimi6_novembre1IndoorCSH5AgAj
kimi,6_novembre,2,Indoor,CSH,23,Ag,Aj,NA,kimi6_novembre2IndoorCSH23AgAj
kimi,6_novembre,4,Indoor,CSH,22,Ag,Aj,1,kimi6_novembre4IndoorCSH22AgAj
kimi,6_novembre,1,Indoor,CSH,21,Ag,Aj,1,kimi6_novembre1IndoorCSH21AgAj
kimi,6_novembre,1,Indoor,CSH,0,Ag,Aj,1,kimi6_novembre1IndoorCSH0AgAj
kimi,6_novembre,1,Indoor,CSH,0,Ag,Aj,NA,kimi6_novembre1IndoorCSH0AgAj
kimi,6_novembre,1,Indoor,CSH,1,Ag,Aj,1,kimi6_novembre1IndoorCSH1AgAj
kimi,6_novembre,1,Outdoor,CSH,23,Ag,Aj,0,kimi6_novembre1OutdoorCSH23AgAj
kimi,6_novembre,1,Outdoor,CSH,0,Ag,Aj,1,kimi6_novembre1OutdoorCSH0AgAj
kimi,6_novembre,1,Outdoor,CSH,0,Ag,Aj,0,kimi6_novembre1OutdoorCSH0AgAj
kimi,6_novembre,3,Indoor,CSH,2,Ag,Aj,1,kimi6_novembre3IndoorCSH2AgAj
kimi,6_novembre,3,Indoor,CSH,21,Ag,Aj,NA,kimi6_novembre3IndoorCSH21AgAj
kimi,6_novembre,3,Indoor,CSH,23,Ag,Aj,0,kimi6_novembre3IndoorCSH23AgAj
kimi,6_novembre,4,Indoor,CSH,20,Ag,Aj,1,kimi6_novembre4IndoorCSH20AgAj
kimi,6_novembre,4,Indoor,CSH,21,Ag,Aj,1,kimi6_novembre4IndoorCSH21AgAj
kimi,6_novembre,4,Indoor,CSH,22,Ag,Aj,1,kimi6_novembre4IndoorCSH22AgAj
kimi,6_novembre,4,Indoor,CSH,1,Ag,Aj,1,kimi6_novembre4IndoorCSH1AgAj
kimi,6_novembre,4,Indoor,CSH,4,Ag,Aj,1,kimi6_novembre4IndoorCSH4AgAj
kimi,6_novembre,4,Indoor,CSH,4,Ag,Aj,NA,kimi6_novembre4IndoorCSH4AgAj
kimi,6_novembre,1,Indoor,CSH,4,Ag,Aj,0,kimi6_novembre1IndoorCSH4AgAj
kimi,6_novembre,1,Outdoor,CSH,2,Ag,Aj,1,kimi6_novembre1OutdoorCSH2AgAj
kimi,6_novembre,1,Outdoor,CSH,3,Ag,Aj,1,kimi6_novembre1OutdoorCSH3AgAj
kimi,6_novembre,2,Indoor,CSH,0,Ag,Aj,1,kimi6_novembre2IndoorCSH0AgAj
kimi,6_novembre,2,Indoor,CSH,1,Ag,Aj,1,kimi6_novembre2IndoorCSH1AgAj
kimi,6_novembre,2,Indoor,CSH,2,Ag,Aj,1,kimi6_novembre2IndoorCSH2AgAj
kimi,6_novembre,4,Indoor,CSH,20,Ag,Aj,1,kimi6_novembre4IndoorCSH20AgAj
kimi,6_novembre,1,Indoor,CSH,21,Ag,Aj,0,kimi6_novembre1IndoorCSH21AgAj
kimi,6_novembre,2,Indoor,CSH,21,Ag,Aj,NA,kimi6_novembre2IndoorCSH21AgAj
kimi,6_novembre,2,Indoor,CSH,22,Ag,Aj,1,kimi6_novembre2IndoorCSH22AgAj
kimi,6_novembre,2,Indoor,CSH,1,Ag,Aj,NA,kimi6_novembre2IndoorCSH1AgAj
kimi,6_novembre,2,Outdoor,CSH,22,Ag,Aj,1,kimi6_novembre2OutdoorCSH22AgAj
kimi,6_novembre,3,Outdoor,CSH,21,Ag,Aj,1,kimi6_novembre3OutdoorCSH21AgAj
kimi,6_novembre,3,Outdoor,CSH,21,Ag,Aj,1,kimi6_novembre3OutdoorCSH21AgAj
kimi,6_novembre,3,Outdoor,CSH,21,Ag,Aj,1,kimi6_novembre3OutdoorCSH21AgAj
kimi,6_novembre,3,Outdoor,CSH,2,Ag,Aj,1,kimi6_novembre3OutdoorCSH2AgAj
kimi,6_novembre,4,Indoor,CSH,1,Ag,Aj,1,kimi6_novembre4IndoorCSH1AgAj
kimi,6_novembre,4,Indoor,CSH,2,Ag,Aj,1,kimi6_novembre4IndoorCSH2AgAj
kimi,6_novembre,4,Indoor,CSH,2,Ag,Aj,1,kimi6_novembre4IndoorCSH2AgAj
Santi,1_juin,1,Indoor,CSH,23,Ag,Aj,NA,Santi1_juin1IndoorCSH23AgAj
Santi,1_juin,1,Outdoor,CSH,1,Ag,Aj,NA,Santi1_juin1OutdoorCSH1AgAj
Santi,1_juin,1,Outdoor,CSH,2,Ag,Aj,0,Santi1_juin1OutdoorCSH2AgAj
Santi,1_juin,1,Outdoor,CSH,3,Ag,Aj,NA,Santi1_juin1OutdoorCSH3AgAj
Santi,1_juin,1,Outdoor,CSH,5,Ag,Aj,0,Santi1_juin1OutdoorCSH5AgAj
Santi,1_juin,2,Indoor,CSH,1,Ag,Aj,NA,Santi1_juin2IndoorCSH1AgAj
Santi,1_juin,2,Indoor,CSH,2,Ag,Aj,NA,Santi1_juin2IndoorCSH2AgAj
Santi,1_juin,3,Indoor,CSH,23,Ag,Aj,NA,Santi1_juin3IndoorCSH23AgAj
Santi,1_juin,3,Indoor,CSH,1,Ag,Aj,NA,Santi1_juin3IndoorCSH1AgAj
Santi,1_juin,3,Outdoor,CSH,20,Ag,Aj,0,Santi1_juin3OutdoorCSH20AgAj
Santi,1_juin,3,Outdoor,CSH,0,Ag,Aj,1,Santi1_juin3OutdoorCSH0AgAj
Santi,1_juin,3,Outdoor,CSH,1,Ag,Aj,NA,Santi1_juin3OutdoorCSH1AgAj
Santi,1_juin,3,Outdoor,CSH,2,Ag,Aj,0,Santi1_juin3OutdoorCSH2AgAj
Santi,1_juin,4,Indoor,CSH,22,Ag,Aj,NA,Santi1_juin4IndoorCSH22AgAj
Santi,1_juin,4,Indoor,CSH,23,Ag,Aj,NA,Santi1_juin4IndoorCSH23AgAj
Santi,1_juin,4,Indoor,CSH,23,Ag,Aj,NA,Santi1_juin4IndoorCSH23AgAj
Santi,1_juin,4,Indoor,CSH,0,Ag,Aj,1,Santi1_juin4IndoorCSH0AgAj
Santi,1_juin,4,Indoor,CSH,1,Ag,Aj,0,Santi1_juin4IndoorCSH1AgAj
Santi,1_juin,4,Outdoor,CSH,22,Ag,Aj,1,Santi1_juin4OutdoorCSH22AgAj
Santi,1_juin,4,Outdoor,CSH,23,Ag,Aj,NA,Santi1_juin4OutdoorCSH23AgAj
Santi,1_juin,4,Outdoor,CSH,23,Ag,Aj,NA,Santi1_juin4OutdoorCSH23AgAj
Santi,1_juin,4,Outdoor,CSH,23,Ag,Aj,1,Santi1_juin4OutdoorCSH23AgAj
Santi,1_juin,4,Outdoor,CSH,0,Ag,Aj,NA,Santi1_juin4OutdoorCSH0AgAj
Santi,1_juin,4,Outdoor,CSH,1,Ag,Aj,NA,Santi1_juin4OutdoorCSH1AgAj
Santi,1_juin,4,Outdoor,CSH,1,Ag,Aj,NA,Santi1_juin4OutdoorCSH1AgAj
Santi,1_juin,4,Outdoor,CSH,1,Ag,Aj,1,Santi1_juin4OutdoorCSH1AgAj
Santi,1_juin,4,Outdoor,CSH,3,Ag,Aj,0,Santi1_juin4OutdoorCSH3AgAj
Santi,1_juin,4,Outdoor,CSH,3,Ag,Aj,NA,Santi1_juin4OutdoorCSH3AgAj
Santi,1_juin,4,Outdoor,CSH,3,Ag,Aj,NA,Santi1_juin4OutdoorCSH3AgAj
Santi,1_juin,1,Indoor,CSH,20,Ag,Aj,1,Santi1_juin1IndoorCSH20AgAj
Santi,1_juin,3,Indoor,CSH,2,Ag,Aj,1,Santi1_juin3IndoorCSH2AgAj
Santi,1_juin,4,Indoor,CSH,21,Ag,Aj,NA,Santi1_juin4IndoorCSH21AgAj
Santi,1_juin,1,Indoor,CSH,21,Ag,Aj,NA,Santi1_juin1IndoorCSH21AgAj
Santi,1_juin,1,Indoor,CSH,21,Ag,Aj,0,Santi1_juin1IndoorCSH21AgAj
Santi,1_juin,1,Indoor,CSH,23,Ag,Aj,1,Santi1_juin1IndoorCSH23AgAj
Santi,1_juin,1,Indoor,CSH,0,Ag,Aj,1,Santi1_juin1IndoorCSH0AgAj
Santi,1_juin,1,Indoor,CSH,1,Ag,Aj,1,Santi1_juin1IndoorCSH1AgAj
Santi,1_juin,1,Indoor,CSH,1,Ag,Aj,1,Santi1_juin1IndoorCSH1AgAj
Santi,1_juin,1,Indoor,CSH,2,Ag,Aj,1,Santi1_juin1IndoorCSH2AgAj
Santi,1_juin,1,Indoor,CSH,2,Ag,Aj,1,Santi1_juin1IndoorCSH2AgAj
Santi,1_juin,1,Outdoor,CSH,21,Ag,Aj,1,Santi1_juin1OutdoorCSH21AgAj
Santi,1_juin,1,Outdoor,CSH,22,Ag,Aj,1,Santi1_juin1OutdoorCSH22AgAj
Santi,1_juin,1,Outdoor,CSH,1,Ag,Aj,NA,Santi1_juin1OutdoorCSH1AgAj
Santi,1_juin,1,Outdoor,CSH,1,Ag,Aj,0,Santi1_juin1OutdoorCSH1AgAj
Santi,1_juin,1,Outdoor,CSH,0,Ag,Aj,NA,Santi1_juin1OutdoorCSH0AgAj
Santi,1_juin,1,Outdoor,CSH,2,Ag,Aj,1,Santi1_juin1OutdoorCSH2AgAj
Santi,1_juin,1,Outdoor,CSH,3,Ag,Aj,NA,Santi1_juin1OutdoorCSH3AgAj
Santi,1_juin,2,Indoor,CSH,23,Ag,Aj,1,Santi1_juin2IndoorCSH23AgAj
Santi,1_juin,4,Indoor,CSH,23,Ag,Aj,NA,Santi1_juin4IndoorCSH23AgAj
Santi,1_juin,4,Indoor,CSH,0,Ag,Aj,1,Santi1_juin4IndoorCSH0AgAj
Santi,1_juin,4,Indoor,CSH,1,Ag,Aj,NA,Santi1_juin4IndoorCSH1AgAj
Santi,1_juin,4,Indoor,CSH,2,Ag,Aj,1,Santi1_juin4IndoorCSH2AgAj
Santi,1_juin,4,Outdoor,CSH,20,Ag,Aj,1,Santi1_juin4OutdoorCSH20AgAj
Santi,1_juin,4,Outdoor,CSH,0,Ag,Aj,0,Santi1_juin4OutdoorCSH0AgAj
Santi,1_juin,4,Outdoor,CSH,5,Ag,Aj,NA,Santi1_juin4OutdoorCSH5AgAj
Santi,1_juin,3,Indoor,CSH,0,Ag,Aj,NA,Santi1_juin3IndoorCSH0AgAj
Santi,1_juin,3,Indoor,CSH,2,Ag,Aj,1,Santi1_juin3IndoorCSH2AgAj
Santi,1_juin,3,Indoor,CSH,2,Ag,Aj,1,Santi1_juin3IndoorCSH2AgAj
Santi,1_juin,3,Outdoor,CSH,0,Ag,Aj,0,Santi1_juin3OutdoorCSH0AgAj
Santi,1_juin,3,Outdoor,CSH,1,Ag,Aj,1,Santi1_juin3OutdoorCSH1AgAj
Santi,1_juin,1,Indoor,CSH,3,Ag,Aj,NA,Santi1_juin1IndoorCSH3AgAj
Santi,1_juin,1,Outdoor,CSH,0,Ag,Aj,NA,Santi1_juin1OutdoorCSH0AgAj
Santi,1_juin,1,Outdoor,CSH,0,Ag,Aj,1,Santi1_juin1OutdoorCSH0AgAj
Santi,1_juin,1,Outdoor,CSH,1,Ag,Aj,1,Santi1_juin1OutdoorCSH1AgAj
Santi,1_juin,1,Outdoor,CSH,2,Ag,Aj,1,Santi1_juin1OutdoorCSH2AgAj
Santi,1_juin,2,Indoor,CSH,23,Ag,Aj,1,Santi1_juin2IndoorCSH23AgAj
Santi,1_juin,3,Outdoor,CSH,23,Ag,Aj,1,Santi1_juin3OutdoorCSH23AgAj
Santi,1_juin,4,Indoor,CSH,21,Ag,Aj,1,Santi1_juin4IndoorCSH21AgAj
Santi,1_juin,4,Indoor,CSH,21,Ag,Aj,NA,Santi1_juin4IndoorCSH21AgAj
Santi,1_juin,4,Indoor,CSH,2,Ag,Aj,NA,Santi1_juin4IndoorCSH2AgAj
Santi,1_juin,4,Indoor,CSH,2,Ag,Aj,NA,Santi1_juin4IndoorCSH2AgAj
Santi,2_juillet,1,Indoor,CSH,22,Ag,Aj,NA,Santi2_juillet1IndoorCSH22AgAj
Santi,2_juillet,1,Indoor,CSH,22,Ag,Aj,NA,Santi2_juillet1IndoorCSH22AgAj
Santi,2_juillet,1,Indoor,CSH,23,Ag,Aj,0,Santi2_juillet1IndoorCSH23AgAj
Santi,2_juillet,1,Indoor,CSH,1,Ag,Aj,0,Santi2_juillet1IndoorCSH1AgAj
Santi,2_juillet,1,Indoor,CSH,2,Ag,Aj,1,Santi2_juillet1IndoorCSH2AgAj
Santi,2_juillet,1,Indoor,CSH,2,Ag,Aj,NA,Santi2_juillet1IndoorCSH2AgAj
Santi,2_juillet,1,Indoor,CSH,5,Ag,Aj,NA,Santi2_juillet1IndoorCSH5AgAj
Santi,2_juillet,1,Indoor,CSH,5,Ag,Aj,NA,Santi2_juillet1IndoorCSH5AgAj
Santi,2_juillet,1,Indoor,CSH,5,Ag,Aj,1,Santi2_juillet1IndoorCSH5AgAj
Santi,2_juillet,1,Outdoor,CSH,22,Ag,Aj,0,Santi2_juillet1OutdoorCSH22AgAj
Santi,2_juillet,1,Outdoor,CSH,23,Ag,Aj,1,Santi2_juillet1OutdoorCSH23AgAj
Santi,2_juillet,1,Outdoor,CSH,23,Ag,Aj,1,Santi2_juillet1OutdoorCSH23AgAj
Santi,2_juillet,1,Outdoor,CSH,23,Ag,Aj,NA,Santi2_juillet1OutdoorCSH23AgAj
Santi,2_juillet,1,Outdoor,CSH,23,Ag,Aj,NA,Santi2_juillet1OutdoorCSH23AgAj
Santi,2_juillet,1,Outdoor,CSH,0,Ag,Aj,NA,Santi2_juillet1OutdoorCSH0AgAj
Santi,2_juillet,1,Outdoor,CSH,1,Ag,Aj,0,Santi2_juillet1OutdoorCSH1AgAj
Santi,2_juillet,1,Outdoor,CSH,1,Ag,Aj,0,Santi2_juillet1OutdoorCSH1AgAj
Santi,2_juillet,1,Outdoor,CSH,2,Ag,Aj,NA,Santi2_juillet1OutdoorCSH2AgAj
Santi,2_juillet,1,Outdoor,CSH,4,Ag,Aj,NA,Santi2_juillet1OutdoorCSH4AgAj
Santi,2_juillet,2,Indoor,CSH,0,Ag,Aj,0,Santi2_juillet2IndoorCSH0AgAj
Santi,2_juillet,2,Outdoor,CSH,20,Ag,Aj,0,Santi2_juillet2OutdoorCSH20AgAj
Santi,2_juillet,2,Outdoor,CSH,22,Ag,Aj,0,Santi2_juillet2OutdoorCSH22AgAj
Santi,2_juillet,2,Outdoor,CSH,22,Ag,Aj,NA,Santi2_juillet2OutdoorCSH22AgAj
Santi,2_juillet,2,Outdoor,CSH,23,Ag,Aj,0,Santi2_juillet2OutdoorCSH23AgAj
Santi,2_juillet,2,Outdoor,CSH,1,Ag,Aj,0,Santi2_juillet2OutdoorCSH1AgAj
Santi,2_juillet,2,Outdoor,CSH,1,Ag,Aj,NA,Santi2_juillet2OutdoorCSH1AgAj
Santi,2_juillet,3,Indoor,CSH,0,Ag,Aj,NA,Santi2_juillet3IndoorCSH0AgAj
Santi,2_juillet,3,Outdoor,CSH,21,Ag,Aj,1,Santi2_juillet3OutdoorCSH21AgAj
Santi,2_juillet,3,Outdoor,CSH,23,Ag,Aj,1,Santi2_juillet3OutdoorCSH23AgAj
Santi,2_juillet,3,Outdoor,CSH,0,Ag,Aj,1,Santi2_juillet3OutdoorCSH0AgAj
Santi,2_juillet,4,Outdoor,CSH,22,Ag,Aj,1,Santi2_juillet4OutdoorCSH22AgAj
Santi,2_juillet,4,Outdoor,CSH,0,Ag,Aj,1,Santi2_juillet4OutdoorCSH0AgAj
Santi,2_juillet,4,Outdoor,CSH,0,Ag,Aj,0,Santi2_juillet4OutdoorCSH0AgAj
Santi,2_juillet,4,Outdoor,CSH,1,Ag,Aj,0,Santi2_juillet4OutdoorCSH1AgAj
Santi,2_juillet,4,Outdoor,CSH,5,Ag,Aj,0,Santi2_juillet4OutdoorCSH5AgAj
Santi,2_juillet,4,Outdoor,CSH,5,Ag,Aj,1,Santi2_juillet4OutdoorCSH5AgAj
Santi,2_juillet,1,Indoor,CSH,20,Ag,Aj,0,Santi2_juillet1IndoorCSH20AgAj
Santi,2_juillet,1,Indoor,CSH,21,Ag,Aj,1,Santi2_juillet1IndoorCSH21AgAj
Santi,2_juillet,1,Indoor,CSH,21,Ag,Aj,NA,Santi2_juillet1IndoorCSH21AgAj
Santi,2_juillet,1,Indoor,CSH,22,Ag,Aj,0,Santi2_juillet1IndoorCSH22AgAj
Santi,2_juillet,1,Indoor,CSH,22,Ag,Aj,NA,Santi2_juillet1IndoorCSH22AgAj
Santi,2_juillet,1,Indoor,CSH,22,Ag,Aj,1,Santi2_juillet1IndoorCSH22AgAj
Santi,2_juillet,1,Indoor,CSH,0,Ag,Aj,NA,Santi2_juillet1IndoorCSH0AgAj
Santi,2_juillet,1,Indoor,CSH,0,Ag,Aj,1,Santi2_juillet1IndoorCSH0AgAj
Santi,2_juillet,1,Indoor,CSH,0,Ag,Aj,1,Santi2_juillet1IndoorCSH0AgAj
Santi,2_juillet,1,Indoor,CSH,0,Ag,Aj,1,Santi2_juillet1IndoorCSH0AgAj
Santi,2_juillet,1,Indoor,CSH,1,Ag,Aj,0,Santi2_juillet1IndoorCSH1AgAj
Santi,2_juillet,1,Indoor,CSH,1,Ag,Aj,1,Santi2_juillet1IndoorCSH1AgAj
Santi,2_juillet,1,Indoor,CSH,1,Ag,Aj,NA,Santi2_juillet1IndoorCSH1AgAj
Santi,2_juillet,1,Indoor,CSH,1,Ag,Aj,NA,Santi2_juillet1IndoorCSH1AgAj
Santi,2_juillet,1,Indoor,CSH,2,Ag,Aj,NA,Santi2_juillet1IndoorCSH2AgAj
Santi,2_juillet,1,Indoor,CSH,2,Ag,Aj,1,Santi2_juillet1IndoorCSH2AgAj
Santi,2_juillet,1,Indoor,CSH,2,Ag,Aj,0,Santi2_juillet1IndoorCSH2AgAj
Santi,2_juillet,1,Indoor,CSH,3,Ag,Aj,1,Santi2_juillet1IndoorCSH3AgAj
Santi,2_juillet,1,Indoor,CSH,4,Ag,Aj,NA,Santi2_juillet1IndoorCSH4AgAj
Santi,2_juillet,1,Outdoor,CSH,21,Ag,Aj,1,Santi2_juillet1OutdoorCSH21AgAj
Santi,2_juillet,1,Outdoor,CSH,23,Ag,Aj,1,Santi2_juillet1OutdoorCSH23AgAj
Santi,2_juillet,1,Outdoor,CSH,0,Ag,Aj,NA,Santi2_juillet1OutdoorCSH0AgAj
Santi,2_juillet,1,Outdoor,CSH,0,Ag,Aj,1,Santi2_juillet1OutdoorCSH0AgAj
Santi,2_juillet,1,Outdoor,CSH,0,Ag,Aj,1,Santi2_juillet1OutdoorCSH0AgAj
Santi,2_juillet,1,Outdoor,CSH,1,Ag,Aj,1,Santi2_juillet1OutdoorCSH1AgAj
Santi,2_juillet,1,Outdoor,CSH,3,Ag,Aj,1,Santi2_juillet1OutdoorCSH3AgAj
Santi,2_juillet,2,Indoor,CSH,23,Ag,Aj,NA,Santi2_juillet2IndoorCSH23AgAj
Santi,2_juillet,2,Indoor,CSH,1,Ag,Aj,1,Santi2_juillet2IndoorCSH1AgAj
Santi,2_juillet,2,Outdoor,CSH,23,Ag,Aj,NA,Santi2_juillet2OutdoorCSH23AgAj
Santi,2_juillet,2,Outdoor,CSH,1,Ag,Aj,1,Santi2_juillet2OutdoorCSH1AgAj
Santi,2_juillet,3,Outdoor,CSH,2,Ag,Aj,1,Santi2_juillet3OutdoorCSH2AgAj
Santi,2_juillet,4,Indoor,CSH,0,Ag,Aj,1,Santi2_juillet4IndoorCSH0AgAj
Santi,2_juillet,4,Indoor,CSH,0,Ag,Aj,1,Santi2_juillet4IndoorCSH0AgAj
Santi,2_juillet,4,Outdoor,CSH,20,Ag,Aj,NA,Santi2_juillet4OutdoorCSH20AgAj
Santi,2_juillet,1,Indoor,CSH,4,Ag,Aj,1,Santi2_juillet1IndoorCSH4AgAj
Santi,2_juillet,1,Indoor,CSH,5,Ag,Aj,1,Santi2_juillet1IndoorCSH5AgAj
Santi,2_juillet,1,Outdoor,CSH,23,Ag,Aj,1,Santi2_juillet1OutdoorCSH23AgAj
Santi,2_juillet,2,Outdoor,CSH,1,Ag,Aj,1,Santi2_juillet2OutdoorCSH1AgAj
Santi,2_juillet,3,Outdoor,CSH,23,Ag,Aj,1,Santi2_juillet3OutdoorCSH23AgAj
Santi,2_juillet,4,Indoor,CSH,20,Ag,Aj,0,Santi2_juillet4IndoorCSH20AgAj
Santi,2_juillet,4,Indoor,CSH,1,Ag,Aj,1,Santi2_juillet4IndoorCSH1AgAj
Santi,2_juillet,4,Indoor,CSH,2,Ag,Aj,1,Santi2_juillet4IndoorCSH2AgAj
Santi,2_juillet,4,Outdoor,CSH,20,Ag,Aj,1,Santi2_juillet4OutdoorCSH20AgAj
Santi,2_juillet,4,Outdoor,CSH,21,Ag,Aj,1,Santi2_juillet4OutdoorCSH21AgAj
Santi,2_juillet,4,Outdoor,CSH,23,Ag,Aj,0,Santi2_juillet4OutdoorCSH23AgAj
Santi,2_juillet,4,Outdoor,CSH,23,Ag,Aj,NA,Santi2_juillet4OutdoorCSH23AgAj
Santi,2_juillet,1,Indoor,CSH,23,Ag,Aj,1,Santi2_juillet1IndoorCSH23AgAj
Santi,2_juillet,1,Indoor,CSH,23,Ag,Aj,NA,Santi2_juillet1IndoorCSH23AgAj
Santi,2_juillet,1,Indoor,CSH,0,Ag,Aj,1,Santi2_juillet1IndoorCSH0AgAj
Santi,2_juillet,1,Indoor,CSH,0,Ag,Aj,0,Santi2_juillet1IndoorCSH0AgAj
Santi,2_juillet,1,Indoor,CSH,0,Ag,Aj,1,Santi2_juillet1IndoorCSH0AgAj
Santi,2_juillet,1,Indoor,CSH,0,Ag,Aj,NA,Santi2_juillet1IndoorCSH0AgAj
Santi,2_juillet,1,Indoor,CSH,0,Ag,Aj,NA,Santi2_juillet1IndoorCSH0AgAj
Santi,2_juillet,1,Indoor,CSH,1,Ag,Aj,NA,Santi2_juillet1IndoorCSH1AgAj
Santi,2_juillet,1,Indoor,CSH,1,Ag,Aj,NA,Santi2_juillet1IndoorCSH1AgAj
Santi,2_juillet,1,Indoor,CSH,2,Ag,Aj,1,Santi2_juillet1IndoorCSH2AgAj
Santi,2_juillet,1,Indoor,CSH,3,Ag,Aj,1,Santi2_juillet1IndoorCSH3AgAj
Santi,2_juillet,1,Indoor,CSH,3,Ag,Aj,NA,Santi2_juillet1IndoorCSH3AgAj
Santi,2_juillet,1,Indoor,CSH,3,Ag,Aj,NA,Santi2_juillet1IndoorCSH3AgAj
Santi,2_juillet,1,Indoor,CSH,3,Ag,Aj,1,Santi2_juillet1IndoorCSH3AgAj
Santi,2_juillet,1,Indoor,CSH,3,Ag,Aj,NA,Santi2_juillet1IndoorCSH3AgAj
Santi,2_juillet,1,Indoor,CSH,5,Ag,Aj,NA,Santi2_juillet1IndoorCSH5AgAj
Santi,2_juillet,1,Outdoor,CSH,23,Ag,Aj,NA,Santi2_juillet1OutdoorCSH23AgAj
Santi,2_juillet,1,Outdoor,CSH,0,Ag,Aj,NA,Santi2_juillet1OutdoorCSH0AgAj
Santi,2_juillet,1,Outdoor,CSH,0,Ag,Aj,NA,Santi2_juillet1OutdoorCSH0AgAj
Santi,2_juillet,1,Outdoor,CSH,1,Ag,Aj,1,Santi2_juillet1OutdoorCSH1AgAj
Santi,2_juillet,1,Outdoor,CSH,1,Ag,Aj,1,Santi2_juillet1OutdoorCSH1AgAj
Santi,2_juillet,1,Outdoor,CSH,1,Ag,Aj,1,Santi2_juillet1OutdoorCSH1AgAj
Santi,2_juillet,1,Outdoor,CSH,1,Ag,Aj,1,Santi2_juillet1OutdoorCSH1AgAj
Santi,2_juillet,1,Outdoor,CSH,2,Ag,Aj,NA,Santi2_juillet1OutdoorCSH2AgAj
Santi,2_juillet,1,Outdoor,CSH,3,Ag,Aj,NA,Santi2_juillet1OutdoorCSH3AgAj
Santi,2_juillet,1,Outdoor,CSH,3,Ag,Aj,1,Santi2_juillet1OutdoorCSH3AgAj
Santi,2_juillet,1,Outdoor,CSH,3,Ag,Aj,NA,Santi2_juillet1OutdoorCSH3AgAj
Santi,2_juillet,2,Indoor,CSH,22,Ag,Aj,1,Santi2_juillet2IndoorCSH22AgAj
Santi,2_juillet,2,Indoor,CSH,23,Ag,Aj,NA,Santi2_juillet2IndoorCSH23AgAj
Santi,2_juillet,2,Indoor,CSH,1,Ag,Aj,1,Santi2_juillet2IndoorCSH1AgAj
Santi,2_juillet,2,Indoor,CSH,1,Ag,Aj,NA,Santi2_juillet2IndoorCSH1AgAj
Santi,2_juillet,2,Indoor,CSH,2,Ag,Aj,1,Santi2_juillet2IndoorCSH2AgAj
Santi,2_juillet,2,Indoor,CSH,2,Ag,Aj,0,Santi2_juillet2IndoorCSH2AgAj
Santi,2_juillet,2,Indoor,CSH,3,Ag,Aj,1,Santi2_juillet2IndoorCSH3AgAj
Santi,2_juillet,2,Indoor,CSH,3,Ag,Aj,NA,Santi2_juillet2IndoorCSH3AgAj
Santi,2_juillet,2,Indoor,CSH,3,Ag,Aj,1,Santi2_juillet2IndoorCSH3AgAj
Santi,2_juillet,2,Indoor,CSH,3,Ag,Aj,1,Santi2_juillet2IndoorCSH3AgAj
Santi,2_juillet,2,Indoor,CSH,3,Ag,Aj,1,Santi2_juillet2IndoorCSH3AgAj
Santi,2_juillet,2,Indoor,CSH,4,Ag,Aj,1,Santi2_juillet2IndoorCSH4AgAj
Santi,2_juillet,2,Outdoor,CSH,0,Ag,Aj,NA,Santi2_juillet2OutdoorCSH0AgAj
Santi,2_juillet,3,Indoor,CSH,1,Ag,Aj,0,Santi2_juillet3IndoorCSH1AgAj
Santi,2_juillet,3,Outdoor,CSH,22,Ag,Aj,0,Santi2_juillet3OutdoorCSH22AgAj
Santi,2_juillet,3,Outdoor,CSH,23,Ag,Aj,0,Santi2_juillet3OutdoorCSH23AgAj
Santi,2_juillet,4,Outdoor,CSH,0,Ag,Aj,1,Santi2_juillet4OutdoorCSH0AgAj
Santi,3_aout,1,Indoor,CSH,22,Ag,Aj,NA,Santi3_aout1IndoorCSH22AgAj
Santi,3_aout,1,Indoor,CSH,23,Ag,Aj,1,Santi3_aout1IndoorCSH23AgAj
Santi,3_aout,1,Indoor,CSH,23,Ag,Aj,1,Santi3_aout1IndoorCSH23AgAj
Santi,3_aout,1,Indoor,CSH,0,Ag,Aj,1,Santi3_aout1IndoorCSH0AgAj
Santi,3_aout,1,Indoor,CSH,0,Ag,Aj,1,Santi3_aout1IndoorCSH0AgAj
Santi,3_aout,1,Indoor,CSH,0,Ag,Aj,1,Santi3_aout1IndoorCSH0AgAj
Santi,3_aout,1,Indoor,CSH,0,Ag,Aj,0,Santi3_aout1IndoorCSH0AgAj
Santi,3_aout,1,Indoor,CSH,1,Ag,Aj,NA,Santi3_aout1IndoorCSH1AgAj
Santi,3_aout,1,Indoor,CSH,1,Ag,Aj,NA,Santi3_aout1IndoorCSH1AgAj
Santi,3_aout,1,Indoor,CSH,1,Ag,Aj,0,Santi3_aout1IndoorCSH1AgAj
Santi,3_aout,1,Indoor,CSH,1,Ag,Aj,1,Santi3_aout1IndoorCSH1AgAj
Santi,3_aout,1,Indoor,CSH,1,Ag,Aj,NA,Santi3_aout1IndoorCSH1AgAj
Santi,3_aout,1,Indoor,CSH,2,Ag,Aj,1,Santi3_aout1IndoorCSH2AgAj
Santi,3_aout,1,Indoor,CSH,2,Ag,Aj,0,Santi3_aout1IndoorCSH2AgAj
Santi,3_aout,1,Indoor,CSH,3,Ag,Aj,0,Santi3_aout1IndoorCSH3AgAj
Santi,3_aout,1,Indoor,CSH,3,Ag,Aj,1,Santi3_aout1IndoorCSH3AgAj
Santi,3_aout,1,Indoor,CSH,3,Ag,Aj,1,Santi3_aout1IndoorCSH3AgAj
Santi,3_aout,1,Indoor,CSH,3,Ag,Aj,1,Santi3_aout1IndoorCSH3AgAj
Santi,3_aout,1,Indoor,CSH,3,Ag,Aj,1,Santi3_aout1IndoorCSH3AgAj
Santi,3_aout,1,Indoor,CSH,3,Ag,Aj,1,Santi3_aout1IndoorCSH3AgAj
Santi,3_aout,1,Indoor,CSH,3,Ag,Aj,1,Santi3_aout1IndoorCSH3AgAj
Santi,3_aout,1,Indoor,CSH,3,Ag,Aj,1,Santi3_aout1IndoorCSH3AgAj
Santi,3_aout,1,Indoor,CSH,4,Ag,Aj,1,Santi3_aout1IndoorCSH4AgAj
Santi,3_aout,1,Indoor,CSH,4,Ag,Aj,1,Santi3_aout1IndoorCSH4AgAj
Santi,3_aout,1,Indoor,CSH,4,Ag,Aj,1,Santi3_aout1IndoorCSH4AgAj
Santi,3_aout,1,Indoor,CSH,4,Ag,Aj,1,Santi3_aout1IndoorCSH4AgAj
Santi,3_aout,1,Indoor,CSH,5,Ag,Aj,1,Santi3_aout1IndoorCSH5AgAj
Santi,3_aout,1,Outdoor,CSH,22,Ag,Aj,0,Santi3_aout1OutdoorCSH22AgAj
Santi,3_aout,1,Outdoor,CSH,22,Ag,Aj,0,Santi3_aout1OutdoorCSH22AgAj
Santi,3_aout,1,Outdoor,CSH,23,Ag,Aj,0,Santi3_aout1OutdoorCSH23AgAj
Santi,3_aout,1,Outdoor,CSH,23,Ag,Aj,1,Santi3_aout1OutdoorCSH23AgAj
Santi,3_aout,1,Outdoor,CSH,23,Ag,Aj,1,Santi3_aout1OutdoorCSH23AgAj
Santi,3_aout,1,Outdoor,CSH,23,Ag,Aj,0,Santi3_aout1OutdoorCSH23AgAj
Santi,3_aout,1,Outdoor,CSH,0,Ag,Aj,0,Santi3_aout1OutdoorCSH0AgAj
Santi,3_aout,1,Outdoor,CSH,0,Ag,Aj,1,Santi3_aout1OutdoorCSH0AgAj
Santi,3_aout,1,Outdoor,CSH,1,Ag,Aj,0,Santi3_aout1OutdoorCSH1AgAj
Santi,3_aout,1,Outdoor,CSH,1,Ag,Aj,0,Santi3_aout1OutdoorCSH1AgAj
Santi,3_aout,1,Outdoor,CSH,1,Ag,Aj,0,Santi3_aout1OutdoorCSH1AgAj
Santi,3_aout,1,Outdoor,CSH,2,Ag,Aj,1,Santi3_aout1OutdoorCSH2AgAj
Santi,3_aout,1,Outdoor,CSH,2,Ag,Aj,0,Santi3_aout1OutdoorCSH2AgAj
Santi,3_aout,1,Outdoor,CSH,2,Ag,Aj,1,Santi3_aout1OutdoorCSH2AgAj
Santi,3_aout,1,Outdoor,CSH,2,Ag,Aj,0,Santi3_aout1OutdoorCSH2AgAj
Santi,3_aout,1,Outdoor,CSH,3,Ag,Aj,1,Santi3_aout1OutdoorCSH3AgAj
Santi,3_aout,1,Outdoor,CSH,3,Ag,Aj,1,Santi3_aout1OutdoorCSH3AgAj
Santi,3_aout,1,Outdoor,CSH,3,Ag,Aj,1,Santi3_aout1OutdoorCSH3AgAj
Santi,3_aout,1,Outdoor,CSH,3,Ag,Aj,1,Santi3_aout1OutdoorCSH3AgAj
Santi,3_aout,1,Outdoor,CSH,3,Ag,Aj,NA,Santi3_aout1OutdoorCSH3AgAj
Santi,3_aout,1,Outdoor,CSH,3,Ag,Aj,1,Santi3_aout1OutdoorCSH3AgAj
Santi,3_aout,1,Outdoor,CSH,3,Ag,Aj,1,Santi3_aout1OutdoorCSH3AgAj
Santi,3_aout,1,Outdoor,CSH,3,Ag,Aj,NA,Santi3_aout1OutdoorCSH3AgAj
Santi,3_aout,1,Outdoor,CSH,3,Ag,Aj,NA,Santi3_aout1OutdoorCSH3AgAj
Santi,3_aout,1,Outdoor,CSH,3,Ag,Aj,1,Santi3_aout1OutdoorCSH3AgAj
Santi,3_aout,1,Outdoor,CSH,3,Ag,Aj,1,Santi3_aout1OutdoorCSH3AgAj
Santi,3_aout,1,Outdoor,CSH,4,Ag,Aj,1,Santi3_aout1OutdoorCSH4AgAj
Santi,3_aout,1,Outdoor,CSH,5,Ag,Aj,0,Santi3_aout1OutdoorCSH5AgAj
Santi,3_aout,1,Outdoor,CSH,5,Ag,Aj,1,Santi3_aout1OutdoorCSH5AgAj
Santi,3_aout,1,Outdoor,CSH,5,Ag,Aj,NA,Santi3_aout1OutdoorCSH5AgAj
Santi,3_aout,2,Indoor,CSH,22,Ag,Aj,NA,Santi3_aout2IndoorCSH22AgAj
Santi,3_aout,2,Indoor,CSH,23,Ag,Aj,0,Santi3_aout2IndoorCSH23AgAj
Santi,3_aout,2,Outdoor,CSH,1,Ag,Aj,0,Santi3_aout2OutdoorCSH1AgAj
Santi,3_aout,3,Indoor,CSH,22,Ag,Aj,1,Santi3_aout3IndoorCSH22AgAj
Santi,3_aout,3,Indoor,CSH,23,Ag,Aj,1,Santi3_aout3IndoorCSH23AgAj
Santi,3_aout,3,Indoor,CSH,23,Ag,Aj,1,Santi3_aout3IndoorCSH23AgAj
Santi,3_aout,3,Indoor,CSH,23,Ag,Aj,1,Santi3_aout3IndoorCSH23AgAj
Santi,3_aout,3,Indoor,CSH,0,Ag,Aj,1,Santi3_aout3IndoorCSH0AgAj
Santi,3_aout,3,Indoor,CSH,0,Ag,Aj,1,Santi3_aout3IndoorCSH0AgAj
Santi,3_aout,3,Indoor,CSH,2,Ag,Aj,0,Santi3_aout3IndoorCSH2AgAj
Santi,3_aout,3,Indoor,CSH,3,Ag,Aj,0,Santi3_aout3IndoorCSH3AgAj
Santi,3_aout,3,Outdoor,CSH,23,Ag,Aj,1,Santi3_aout3OutdoorCSH23AgAj
Santi,3_aout,3,Outdoor,CSH,23,Ag,Aj,1,Santi3_aout3OutdoorCSH23AgAj
Santi,3_aout,3,Outdoor,CSH,0,Ag,Aj,1,Santi3_aout3OutdoorCSH0AgAj
Santi,3_aout,3,Outdoor,CSH,1,Ag,Aj,0,Santi3_aout3OutdoorCSH1AgAj
Santi,3_aout,3,Outdoor,CSH,1,Ag,Aj,1,Santi3_aout3OutdoorCSH1AgAj
Santi,3_aout,3,Outdoor,CSH,1,Ag,Aj,1,Santi3_aout3OutdoorCSH1AgAj
Santi,3_aout,3,Outdoor,CSH,1,Ag,Aj,NA,Santi3_aout3OutdoorCSH1AgAj
Santi,3_aout,3,Outdoor,CSH,1,Ag,Aj,NA,Santi3_aout3OutdoorCSH1AgAj
Santi,3_aout,3,Outdoor,CSH,1,Ag,Aj,NA,Santi3_aout3OutdoorCSH1AgAj
Santi,3_aout,3,Outdoor,CSH,2,Ag,Aj,NA,Santi3_aout3OutdoorCSH2AgAj
Santi,3_aout,3,Outdoor,CSH,2,Ag,Aj,0,Santi3_aout3OutdoorCSH2AgAj
Santi,3_aout,3,Outdoor,CSH,2,Ag,Aj,NA,Santi3_aout3OutdoorCSH2AgAj
Santi,3_aout,3,Outdoor,CSH,2,Ag,Aj,0,Santi3_aout3OutdoorCSH2AgAj
Santi,3_aout,3,Outdoor,CSH,2,Ag,Aj,0,Santi3_aout3OutdoorCSH2AgAj
Santi,3_aout,3,Outdoor,CSH,3,Ag,Aj,1,Santi3_aout3OutdoorCSH3AgAj
Santi,3_aout,3,Outdoor,CSH,4,Ag,Aj,1,Santi3_aout3OutdoorCSH4AgAj
Santi,3_aout,3,Outdoor,CSH,4,Ag,Aj,0,Santi3_aout3OutdoorCSH4AgAj
Santi,3_aout,3,Outdoor,CSH,5,Ag,Aj,0,Santi3_aout3OutdoorCSH5AgAj
Santi,3_aout,4,Indoor,CSH,22,Ag,Aj,1,Santi3_aout4IndoorCSH22AgAj
Santi,3_aout,4,Indoor,CSH,22,Ag,Aj,0,Santi3_aout4IndoorCSH22AgAj
Santi,3_aout,4,Indoor,CSH,0,Ag,Aj,NA,Santi3_aout4IndoorCSH0AgAj
Santi,3_aout,4,Indoor,CSH,0,Ag,Aj,1,Santi3_aout4IndoorCSH0AgAj
Santi,3_aout,4,Indoor,CSH,0,Ag,Aj,1,Santi3_aout4IndoorCSH0AgAj
Santi,3_aout,4,Indoor,CSH,0,Ag,Aj,1,Santi3_aout4IndoorCSH0AgAj
Santi,3_aout,4,Indoor,CSH,0,Ag,Aj,1,Santi3_aout4IndoorCSH0AgAj
Santi,3_aout,4,Indoor,CSH,0,Ag,Aj,1,Santi3_aout4IndoorCSH0AgAj
Santi,3_aout,4,Indoor,CSH,2,Ag,Aj,1,Santi3_aout4IndoorCSH2AgAj
Santi,3_aout,4,Indoor,CSH,2,Ag,Aj,NA,Santi3_aout4IndoorCSH2AgAj
Santi,3_aout,4,Indoor,CSH,2,Ag,Aj,0,Santi3_aout4IndoorCSH2AgAj
Santi,3_aout,4,Indoor,CSH,5,Ag,Aj,0,Santi3_aout4IndoorCSH5AgAj
Santi,3_aout,4,Indoor,CSH,22,Ag,Aj,1,Santi3_aout4IndoorCSH22AgAj
Santi,3_aout,4,Outdoor,CSH,22,Ag,Aj,0,Santi3_aout4OutdoorCSH22AgAj
Santi,3_aout,4,Outdoor,CSH,0,Ag,Aj,NA,Santi3_aout4OutdoorCSH0AgAj
Santi,3_aout,4,Outdoor,CSH,0,Ag,Aj,1,Santi3_aout4OutdoorCSH0AgAj
Santi,3_aout,4,Outdoor,CSH,0,Ag,Aj,0,Santi3_aout4OutdoorCSH0AgAj
Santi,3_aout,4,Outdoor,CSH,0,Ag,Aj,1,Santi3_aout4OutdoorCSH0AgAj
Santi,3_aout,4,Outdoor,CSH,1,Ag,Aj,0,Santi3_aout4OutdoorCSH1AgAj
Santi,3_aout,4,Outdoor,CSH,1,Ag,Aj,0,Santi3_aout4OutdoorCSH1AgAj
Santi,3_aout,4,Outdoor,CSH,1,Ag,Aj,0,Santi3_aout4OutdoorCSH1AgAj
Santi,3_aout,4,Outdoor,CSH,1,Ag,Aj,0,Santi3_aout4OutdoorCSH1AgAj
Santi,3_aout,4,Outdoor,CSH,1,Ag,Aj,0,Santi3_aout4OutdoorCSH1AgAj
Santi,3_aout,4,Outdoor,CSH,1,Ag,Aj,NA,Santi3_aout4OutdoorCSH1AgAj
Santi,3_aout,4,Outdoor,CSH,1,Ag,Aj,0,Santi3_aout4OutdoorCSH1AgAj
Santi,3_aout,4,Outdoor,CSH,2,Ag,Aj,0,Santi3_aout4OutdoorCSH2AgAj
Santi,3_aout,4,Outdoor,CSH,2,Ag,Aj,0,Santi3_aout4OutdoorCSH2AgAj
Santi,3_aout,4,Outdoor,CSH,2,Ag,Aj,0,Santi3_aout4OutdoorCSH2AgAj
Santi,3_aout,4,Outdoor,CSH,2,Ag,Aj,0,Santi3_aout4OutdoorCSH2AgAj
Santi,3_aout,4,Outdoor,CSH,2,Ag,Aj,0,Santi3_aout4OutdoorCSH2AgAj
Santi,3_aout,4,Outdoor,CSH,2,Ag,Aj,0,Santi3_aout4OutdoorCSH2AgAj
Santi,3_aout,2,Indoor,CSH,22,Ag,Aj,0,Santi3_aout2IndoorCSH22AgAj
Santi,3_aout,2,Indoor,CSH,22,Ag,Aj,1,Santi3_aout2IndoorCSH22AgAj
Santi,3_aout,2,Indoor,CSH,22,Ag,Aj,0,Santi3_aout2IndoorCSH22AgAj
Santi,3_aout,2,Indoor,CSH,23,Ag,Aj,1,Santi3_aout2IndoorCSH23AgAj
Santi,3_aout,2,Indoor,CSH,23,Ag,Aj,1,Santi3_aout2IndoorCSH23AgAj
Santi,3_aout,2,Indoor,CSH,23,Ag,Aj,1,Santi3_aout2IndoorCSH23AgAj
Santi,3_aout,2,Indoor,CSH,23,Ag,Aj,0,Santi3_aout2IndoorCSH23AgAj
Santi,3_aout,2,Indoor,CSH,23,Ag,Aj,1,Santi3_aout2IndoorCSH23AgAj
Santi,3_aout,2,Indoor,CSH,0,Ag,Aj,1,Santi3_aout2IndoorCSH0AgAj
Santi,3_aout,2,Indoor,CSH,1,Ag,Aj,NA,Santi3_aout2IndoorCSH1AgAj
Santi,3_aout,2,Indoor,CSH,1,Ag,Aj,1,Santi3_aout2IndoorCSH1AgAj
Santi,3_aout,2,Indoor,CSH,2,Ag,Aj,0,Santi3_aout2IndoorCSH2AgAj
Santi,3_aout,2,Indoor,CSH,2,Ag,Aj,NA,Santi3_aout2IndoorCSH2AgAj
Santi,3_aout,2,Indoor,CSH,2,Ag,Aj,1,Santi3_aout2IndoorCSH2AgAj
Santi,3_aout,2,Indoor,CSH,2,Ag,Aj,0,Santi3_aout2IndoorCSH2AgAj
Santi,3_aout,2,Indoor,CSH,2,Ag,Aj,0,Santi3_aout2IndoorCSH2AgAj
Santi,3_aout,2,Indoor,CSH,3,Ag,Aj,1,Santi3_aout2IndoorCSH3AgAj
Santi,3_aout,2,Indoor,CSH,4,Ag,Aj,1,Santi3_aout2IndoorCSH4AgAj
Santi,3_aout,2,Indoor,CSH,5,Ag,Aj,0,Santi3_aout2IndoorCSH5AgAj
Santi,3_aout,2,Outdoor,CSH,21,Ag,Aj,0,Santi3_aout2OutdoorCSH21AgAj
Santi,3_aout,2,Outdoor,CSH,22,Ag,Aj,0,Santi3_aout2OutdoorCSH22AgAj
Santi,3_aout,2,Outdoor,CSH,22,Ag,Aj,NA,Santi3_aout2OutdoorCSH22AgAj
Santi,3_aout,2,Outdoor,CSH,3,Ag,Aj,0,Santi3_aout2OutdoorCSH3AgAj
Santi,3_aout,2,Outdoor,CSH,5,Ag,Aj,0,Santi3_aout2OutdoorCSH5AgAj
Santi,4_septembre,1,Indoor,CSH,22,Ag,Aj,0,Santi4_septembre1IndoorCSH22AgAj
Santi,4_septembre,1,Indoor,CSH,23,Ag,Aj,1,Santi4_septembre1IndoorCSH23AgAj
Santi,4_septembre,1,Indoor,CSH,0,Ag,Aj,NA,Santi4_septembre1IndoorCSH0AgAj
Santi,4_septembre,1,Indoor,CSH,0,Ag,Aj,1,Santi4_septembre1IndoorCSH0AgAj
Santi,4_septembre,1,Indoor,CSH,0,Ag,Aj,1,Santi4_septembre1IndoorCSH0AgAj
Santi,4_septembre,1,Indoor,CSH,0,Ag,Aj,1,Santi4_septembre1IndoorCSH0AgAj
Santi,4_septembre,1,Indoor,CSH,1,Ag,Aj,1,Santi4_septembre1IndoorCSH1AgAj
Santi,4_septembre,1,Indoor,CSH,1,Ag,Aj,1,Santi4_septembre1IndoorCSH1AgAj
Santi,4_septembre,1,Indoor,CSH,1,Ag,Aj,1,Santi4_septembre1IndoorCSH1AgAj
Santi,4_septembre,1,Indoor,CSH,1,Ag,Aj,NA,Santi4_septembre1IndoorCSH1AgAj
Santi,4_septembre,1,Indoor,CSH,2,Ag,Aj,0,Santi4_septembre1IndoorCSH2AgAj
Santi,4_septembre,1,Indoor,CSH,2,Ag,Aj,1,Santi4_septembre1IndoorCSH2AgAj
Santi,4_septembre,1,Indoor,CSH,2,Ag,Aj,0,Santi4_septembre1IndoorCSH2AgAj
Santi,4_septembre,1,Indoor,CSH,2,Ag,Aj,1,Santi4_septembre1IndoorCSH2AgAj
Santi,4_septembre,1,Indoor,CSH,2,Ag,Aj,1,Santi4_septembre1IndoorCSH2AgAj
Santi,4_septembre,1,Indoor,CSH,3,Ag,Aj,0,Santi4_septembre1IndoorCSH3AgAj
Santi,4_septembre,1,Indoor,CSH,3,Ag,Aj,1,Santi4_septembre1IndoorCSH3AgAj
Santi,4_septembre,1,Outdoor,CSH,21,Ag,Aj,NA,Santi4_septembre1OutdoorCSH21AgAj
Santi,4_septembre,1,Outdoor,CSH,22,Ag,Aj,0,Santi4_septembre1OutdoorCSH22AgAj
Santi,4_septembre,1,Outdoor,CSH,22,Ag,Aj,1,Santi4_septembre1OutdoorCSH22AgAj
Santi,4_septembre,1,Outdoor,CSH,22,Ag,Aj,0,Santi4_septembre1OutdoorCSH22AgAj
Santi,4_septembre,1,Outdoor,CSH,23,Ag,Aj,0,Santi4_septembre1OutdoorCSH23AgAj
Santi,4_septembre,1,Outdoor,CSH,23,Ag,Aj,1,Santi4_septembre1OutdoorCSH23AgAj
Santi,4_septembre,1,Outdoor,CSH,23,Ag,Aj,NA,Santi4_septembre1OutdoorCSH23AgAj
Santi,4_septembre,1,Outdoor,CSH,1,Ag,Aj,NA,Santi4_septembre1OutdoorCSH1AgAj
Santi,4_septembre,1,Outdoor,CSH,1,Ag,Aj,0,Santi4_septembre1OutdoorCSH1AgAj
Santi,4_septembre,1,Outdoor,CSH,1,Ag,Aj,1,Santi4_septembre1OutdoorCSH1AgAj
Santi,4_septembre,1,Outdoor,CSH,1,Ag,Aj,1,Santi4_septembre1OutdoorCSH1AgAj
Santi,4_septembre,1,Outdoor,CSH,1,Ag,Aj,NA,Santi4_septembre1OutdoorCSH1AgAj
Santi,4_septembre,1,Outdoor,CSH,1,Ag,Aj,1,Santi4_septembre1OutdoorCSH1AgAj
Santi,4_septembre,1,Outdoor,CSH,1,Ag,Aj,0,Santi4_septembre1OutdoorCSH1AgAj
Santi,4_septembre,1,Outdoor,CSH,1,Ag,Aj,NA,Santi4_septembre1OutdoorCSH1AgAj
Santi,4_septembre,1,Outdoor,CSH,2,Ag,Aj,0,Santi4_septembre1OutdoorCSH2AgAj
Santi,4_septembre,1,Outdoor,CSH,2,Ag,Aj,NA,Santi4_septembre1OutdoorCSH2AgAj
Santi,4_septembre,1,Outdoor,CSH,2,Ag,Aj,0,Santi4_septembre1OutdoorCSH2AgAj
Santi,4_septembre,1,Outdoor,CSH,2,Ag,Aj,1,Santi4_septembre1OutdoorCSH2AgAj
Santi,4_septembre,1,Outdoor,CSH,2,Ag,Aj,0,Santi4_septembre1OutdoorCSH2AgAj
Santi,4_septembre,1,Outdoor,CSH,2,Ag,Aj,1,Santi4_septembre1OutdoorCSH2AgAj
Santi,4_septembre,1,Outdoor,CSH,2,Ag,Aj,1,Santi4_septembre1OutdoorCSH2AgAj
Santi,4_septembre,1,Outdoor,CSH,3,Ag,Aj,NA,Santi4_septembre1OutdoorCSH3AgAj
Santi,4_septembre,1,Outdoor,CSH,3,Ag,Aj,0,Santi4_septembre1OutdoorCSH3AgAj
Santi,4_septembre,1,Outdoor,CSH,3,Ag,Aj,NA,Santi4_septembre1OutdoorCSH3AgAj
Santi,4_septembre,1,Outdoor,CSH,3,Ag,Aj,1,Santi4_septembre1OutdoorCSH3AgAj
Santi,4_septembre,1,Outdoor,CSH,3,Ag,Aj,NA,Santi4_septembre1OutdoorCSH3AgAj
Santi,4_septembre,1,Outdoor,CSH,3,Ag,Aj,1,Santi4_septembre1OutdoorCSH3AgAj
Santi,4_septembre,1,Outdoor,CSH,4,Ag,Aj,0,Santi4_septembre1OutdoorCSH4AgAj
Santi,4_septembre,1,Outdoor,CSH,4,Ag,Aj,1,Santi4_septembre1OutdoorCSH4AgAj
Santi,4_septembre,1,Outdoor,CSH,4,Ag,Aj,NA,Santi4_septembre1OutdoorCSH4AgAj
Santi,4_septembre,1,Outdoor,CSH,4,Ag,Aj,1,Santi4_septembre1OutdoorCSH4AgAj
Santi,4_septembre,1,Outdoor,CSH,5,Ag,Aj,0,Santi4_septembre1OutdoorCSH5AgAj
Santi,4_septembre,1,Outdoor,CSH,5,Ag,Aj,0,Santi4_septembre1OutdoorCSH5AgAj
Santi,4_septembre,1,Outdoor,CSH,5,Ag,Aj,1,Santi4_septembre1OutdoorCSH5AgAj
Santi,4_septembre,1,Outdoor,CSH,5,Ag,Aj,0,Santi4_septembre1OutdoorCSH5AgAj
Santi,4_septembre,2,Indoor,CSH,21,Ag,Aj,0,Santi4_septembre2IndoorCSH21AgAj
Santi,4_septembre,2,Indoor,CSH,23,Ag,Aj,1,Santi4_septembre2IndoorCSH23AgAj
Santi,4_septembre,2,Indoor,CSH,23,Ag,Aj,0,Santi4_septembre2IndoorCSH23AgAj
Santi,4_septembre,2,Indoor,CSH,0,Ag,Aj,NA,Santi4_septembre2IndoorCSH0AgAj
Santi,4_septembre,2,Indoor,CSH,0,Ag,Aj,0,Santi4_septembre2IndoorCSH0AgAj
Santi,4_septembre,2,Indoor,CSH,1,Ag,Aj,0,Santi4_septembre2IndoorCSH1AgAj
Santi,4_septembre,2,Indoor,CSH,1,Ag,Aj,NA,Santi4_septembre2IndoorCSH1AgAj
Santi,4_septembre,2,Indoor,CSH,1,Ag,Aj,0,Santi4_septembre2IndoorCSH1AgAj
Santi,4_septembre,2,Indoor,CSH,1,Ag,Aj,1,Santi4_septembre2IndoorCSH1AgAj
Santi,4_septembre,2,Indoor,CSH,1,Ag,Aj,1,Santi4_septembre2IndoorCSH1AgAj
Santi,4_septembre,2,Indoor,CSH,1,Ag,Aj,0,Santi4_septembre2IndoorCSH1AgAj
Santi,4_septembre,2,Indoor,CSH,1,Ag,Aj,1,Santi4_septembre2IndoorCSH1AgAj
Santi,4_septembre,2,Indoor,CSH,2,Ag,Aj,NA,Santi4_septembre2IndoorCSH2AgAj
Santi,4_septembre,2,Indoor,CSH,3,Ag,Aj,1,Santi4_septembre2IndoorCSH3AgAj
Santi,4_septembre,2,Indoor,CSH,4,Ag,Aj,1,Santi4_septembre2IndoorCSH4AgAj
Santi,4_septembre,2,Indoor,CSH,4,Ag,Aj,0,Santi4_septembre2IndoorCSH4AgAj
Santi,4_septembre,2,Outdoor,CSH,23,Ag,Aj,0,Santi4_septembre2OutdoorCSH23AgAj
Santi,4_septembre,2,Outdoor,CSH,2,Ag,Aj,NA,Santi4_septembre2OutdoorCSH2AgAj
Santi,4_septembre,2,Outdoor,CSH,4,Ag,Aj,0,Santi4_septembre2OutdoorCSH4AgAj
Santi,4_septembre,3,Outdoor,CSH,22,Ag,Aj,1,Santi4_septembre3OutdoorCSH22AgAj
Santi,4_septembre,3,Outdoor,CSH,0,Ag,Aj,1,Santi4_septembre3OutdoorCSH0AgAj
Santi,4_septembre,3,Outdoor,CSH,1,Ag,Aj,1,Santi4_septembre3OutdoorCSH1AgAj
Santi,4_septembre,3,Outdoor,CSH,1,Ag,Aj,0,Santi4_septembre3OutdoorCSH1AgAj
Santi,4_septembre,3,Outdoor,CSH,2,Ag,Aj,1,Santi4_septembre3OutdoorCSH2AgAj
Santi,4_septembre,3,Outdoor,CSH,2,Ag,Aj,NA,Santi4_septembre3OutdoorCSH2AgAj
Santi,4_septembre,3,Outdoor,CSH,2,Ag,Aj,0,Santi4_septembre3OutdoorCSH2AgAj
Santi,4_septembre,3,Outdoor,CSH,3,Ag,Aj,0,Santi4_septembre3OutdoorCSH3AgAj
Santi,4_septembre,3,Outdoor,CSH,3,Ag,Aj,0,Santi4_septembre3OutdoorCSH3AgAj
Santi,4_septembre,3,Outdoor,CSH,3,Ag,Aj,0,Santi4_septembre3OutdoorCSH3AgAj
Santi,4_septembre,3,Outdoor,CSH,4,Ag,Aj,0,Santi4_septembre3OutdoorCSH4AgAj
Santi,4_septembre,3,Outdoor,CSH,4,Ag,Aj,0,Santi4_septembre3OutdoorCSH4AgAj
Santi,4_septembre,3,Outdoor,CSH,4,Ag,Aj,0,Santi4_septembre3OutdoorCSH4AgAj
Santi,4_septembre,3,Outdoor,CSH,4,Ag,Aj,1,Santi4_septembre3OutdoorCSH4AgAj
Santi,4_septembre,4,Indoor,CSH,20,Ag,Aj,0,Santi4_septembre4IndoorCSH20AgAj
Santi,4_septembre,4,Indoor,CSH,21,Ag,Aj,1,Santi4_septembre4IndoorCSH21AgAj
Santi,4_septembre,4,Indoor,CSH,23,Ag,Aj,0,Santi4_septembre4IndoorCSH23AgAj
Santi,4_septembre,4,Indoor,CSH,23,Ag,Aj,1,Santi4_septembre4IndoorCSH23AgAj
Santi,4_septembre,4,Indoor,CSH,23,Ag,Aj,0,Santi4_septembre4IndoorCSH23AgAj
Santi,4_septembre,4,Indoor,CSH,23,Ag,Aj,1,Santi4_septembre4IndoorCSH23AgAj
Santi,4_septembre,4,Indoor,CSH,23,Ag,Aj,0,Santi4_septembre4IndoorCSH23AgAj
Santi,4_septembre,4,Indoor,CSH,23,Ag,Aj,0,Santi4_septembre4IndoorCSH23AgAj
Santi,4_septembre,4,Indoor,CSH,0,Ag,Aj,0,Santi4_septembre4IndoorCSH0AgAj
Santi,4_septembre,4,Indoor,CSH,0,Ag,Aj,0,Santi4_septembre4IndoorCSH0AgAj
Santi,4_septembre,4,Indoor,CSH,0,Ag,Aj,0,Santi4_septembre4IndoorCSH0AgAj
Santi,4_septembre,4,Indoor,CSH,0,Ag,Aj,0,Santi4_septembre4IndoorCSH0AgAj
Santi,4_septembre,4,Indoor,CSH,0,Ag,Aj,1,Santi4_septembre4IndoorCSH0AgAj
Santi,4_septembre,4,Indoor,CSH,1,Ag,Aj,1,Santi4_septembre4IndoorCSH1AgAj
Santi,4_septembre,4,Indoor,CSH,5,Ag,Aj,NA,Santi4_septembre4IndoorCSH5AgAj
Santi,4_septembre,4,Indoor,CSH,5,Ag,Aj,NA,Santi4_septembre4IndoorCSH5AgAj
Santi,4_septembre,4,Outdoor,CSH,21,Ag,Aj,1,Santi4_septembre4OutdoorCSH21AgAj
Santi,4_septembre,4,Outdoor,CSH,21,Ag,Aj,0,Santi4_septembre4OutdoorCSH21AgAj
Santi,4_septembre,4,Outdoor,CSH,22,Ag,Aj,1,Santi4_septembre4OutdoorCSH22AgAj
Santi,4_septembre,4,Outdoor,CSH,22,Ag,Aj,0,Santi4_septembre4OutdoorCSH22AgAj
Santi,4_septembre,4,Outdoor,CSH,23,Ag,Aj,1,Santi4_septembre4OutdoorCSH23AgAj
Santi,4_septembre,4,Outdoor,CSH,23,Ag,Aj,1,Santi4_septembre4OutdoorCSH23AgAj
Santi,4_septembre,4,Outdoor,CSH,0,Ag,Aj,1,Santi4_septembre4OutdoorCSH0AgAj
Santi,4_septembre,4,Outdoor,CSH,0,Ag,Aj,0,Santi4_septembre4OutdoorCSH0AgAj
Santi,4_septembre,4,Outdoor,CSH,1,Ag,Aj,1,Santi4_septembre4OutdoorCSH1AgAj
Santi,4_septembre,4,Outdoor,CSH,1,Ag,Aj,0,Santi4_septembre4OutdoorCSH1AgAj
Santi,4_septembre,4,Outdoor,CSH,1,Ag,Aj,0,Santi4_septembre4OutdoorCSH1AgAj
Santi,4_septembre,4,Outdoor,CSH,2,Ag,Aj,0,Santi4_septembre4OutdoorCSH2AgAj
Santi,4_septembre,4,Outdoor,CSH,2,Ag,Aj,1,Santi4_septembre4OutdoorCSH2AgAj
Santi,4_septembre,4,Outdoor,CSH,2,Ag,Aj,1,Santi4_septembre4OutdoorCSH2AgAj
Santi,4_septembre,4,Outdoor,CSH,2,Ag,Aj,1,Santi4_septembre4OutdoorCSH2AgAj
Santi,4_septembre,4,Outdoor,CSH,3,Ag,Aj,1,Santi4_septembre4OutdoorCSH3AgAj
Santi,4_septembre,4,Outdoor,CSH,3,Ag,Aj,1,Santi4_septembre4OutdoorCSH3AgAj
Santi,4_septembre,4,Outdoor,CSH,3,Ag,Aj,1,Santi4_septembre4OutdoorCSH3AgAj
Santi,4_septembre,4,Outdoor,CSH,4,Ag,Aj,0,Santi4_septembre4OutdoorCSH4AgAj
Santi,4_septembre,4,Outdoor,CSH,4,Ag,Aj,0,Santi4_septembre4OutdoorCSH4AgAj
Santi,4_septembre,4,Outdoor,CSH,4,Ag,Aj,0,Santi4_septembre4OutdoorCSH4AgAj
Santi,4_septembre,4,Outdoor,CSH,4,Ag,Aj,0,Santi4_septembre4OutdoorCSH4AgAj
Santi,4_septembre,4,Outdoor,CSH,5,Ag,Aj,0,Santi4_septembre4OutdoorCSH5AgAj
Santi,4_septembre,4,Outdoor,CSH,5,Ag,Aj,0,Santi4_septembre4OutdoorCSH5AgAj
Santi,4_septembre,3,Indoor,CSH,21,Ag,Aj,0,Santi4_septembre3IndoorCSH21AgAj
Santi,4_septembre,2,Outdoor,CSH,22,Ag,Aj,0,Santi4_septembre2OutdoorCSH22AgAj
Santi,4_septembre,2,Outdoor,CSH,23,Ag,Aj,0,Santi4_septembre2OutdoorCSH23AgAj
Santi,4_septembre,2,Outdoor,CSH,0,Ag,Aj,1,Santi4_septembre2OutdoorCSH0AgAj
Santi,4_septembre,2,Outdoor,CSH,0,Ag,Aj,0,Santi4_septembre2OutdoorCSH0AgAj
Santi,4_septembre,2,Outdoor,CSH,1,Ag,Aj,1,Santi4_septembre2OutdoorCSH1AgAj
Santi,4_septembre,2,Outdoor,CSH,1,Ag,Aj,0,Santi4_septembre2OutdoorCSH1AgAj
Santi,4_septembre,2,Outdoor,CSH,1,Ag,Aj,1,Santi4_septembre2OutdoorCSH1AgAj
Santi,4_septembre,2,Outdoor,CSH,2,Ag,Aj,1,Santi4_septembre2OutdoorCSH2AgAj
Santi,4_septembre,2,Outdoor,CSH,2,Ag,Aj,1,Santi4_septembre2OutdoorCSH2AgAj
Santi,4_septembre,2,Outdoor,CSH,3,Ag,Aj,1,Santi4_septembre2OutdoorCSH3AgAj
Santi,4_septembre,2,Outdoor,CSH,4,Ag,Aj,1,Santi4_septembre2OutdoorCSH4AgAj
Santi,4_septembre,3,Indoor,CSH,23,Ag,Aj,1,Santi4_septembre3IndoorCSH23AgAj
Santi,4_septembre,3,Indoor,CSH,1,Ag,Aj,1,Santi4_septembre3IndoorCSH1AgAj
Santi,4_septembre,3,Indoor,CSH,1,Ag,Aj,1,Santi4_septembre3IndoorCSH1AgAj
Santi,5_octobre,3,Outdoor,CSH,0,Ag,Aj,0,Santi5_octobre3OutdoorCSH0AgAj
Santi,5_octobre,1,Indoor,CSH,21,Ag,Aj,1,Santi5_octobre1IndoorCSH21AgAj
Santi,5_octobre,1,Indoor,CSH,21,Ag,Aj,1,Santi5_octobre1IndoorCSH21AgAj
Santi,5_octobre,1,Indoor,CSH,21,Ag,Aj,1,Santi5_octobre1IndoorCSH21AgAj
Santi,5_octobre,1,Indoor,CSH,22,Ag,Aj,1,Santi5_octobre1IndoorCSH22AgAj
Santi,5_octobre,1,Indoor,CSH,22,Ag,Aj,0,Santi5_octobre1IndoorCSH22AgAj
Santi,5_octobre,1,Indoor,CSH,23,Ag,Aj,1,Santi5_octobre1IndoorCSH23AgAj
Santi,5_octobre,1,Indoor,CSH,0,Ag,Aj,1,Santi5_octobre1IndoorCSH0AgAj
Santi,5_octobre,1,Indoor,CSH,0,Ag,Aj,1,Santi5_octobre1IndoorCSH0AgAj
Santi,5_octobre,1,Indoor,CSH,1,Ag,Aj,1,Santi5_octobre1IndoorCSH1AgAj
Santi,5_octobre,1,Indoor,CSH,1,Ag,Aj,NA,Santi5_octobre1IndoorCSH1AgAj
Santi,5_octobre,1,Indoor,CSH,1,Ag,Aj,1,Santi5_octobre1IndoorCSH1AgAj
Santi,5_octobre,1,Indoor,CSH,1,Ag,Aj,0,Santi5_octobre1IndoorCSH1AgAj
Santi,5_octobre,1,Indoor,CSH,1,Ag,Aj,0,Santi5_octobre1IndoorCSH1AgAj
Santi,5_octobre,1,Indoor,CSH,2,Ag,Aj,0,Santi5_octobre1IndoorCSH2AgAj
Santi,5_octobre,1,Indoor,CSH,3,Ag,Aj,1,Santi5_octobre1IndoorCSH3AgAj
Santi,5_octobre,1,Indoor,CSH,3,Ag,Aj,1,Santi5_octobre1IndoorCSH3AgAj
Santi,5_octobre,1,Indoor,CSH,3,Ag,Aj,1,Santi5_octobre1IndoorCSH3AgAj
Santi,5_octobre,1,Indoor,CSH,3,Ag,Aj,1,Santi5_octobre1IndoorCSH3AgAj
Santi,5_octobre,1,Indoor,CSH,3,Ag,Aj,0,Santi5_octobre1IndoorCSH3AgAj
Santi,5_octobre,1,Indoor,CSH,3,Ag,Aj,1,Santi5_octobre1IndoorCSH3AgAj
Santi,5_octobre,1,Indoor,CSH,3,Ag,Aj,1,Santi5_octobre1IndoorCSH3AgAj
Santi,5_octobre,1,Indoor,CSH,4,Ag,Aj,1,Santi5_octobre1IndoorCSH4AgAj
Santi,5_octobre,1,Indoor,CSH,4,Ag,Aj,0,Santi5_octobre1IndoorCSH4AgAj
Santi,5_octobre,1,Indoor,CSH,4,Ag,Aj,1,Santi5_octobre1IndoorCSH4AgAj
Santi,5_octobre,1,Indoor,CSH,5,Ag,Aj,1,Santi5_octobre1IndoorCSH5AgAj
Santi,5_octobre,1,Outdoor,CSH,21,Ag,Aj,1,Santi5_octobre1OutdoorCSH21AgAj
Santi,5_octobre,1,Outdoor,CSH,22,Ag,Aj,1,Santi5_octobre1OutdoorCSH22AgAj
Santi,5_octobre,1,Outdoor,CSH,23,Ag,Aj,0,Santi5_octobre1OutdoorCSH23AgAj
Santi,5_octobre,1,Outdoor,CSH,23,Ag,Aj,1,Santi5_octobre1OutdoorCSH23AgAj
Santi,5_octobre,1,Outdoor,CSH,23,Ag,Aj,1,Santi5_octobre1OutdoorCSH23AgAj
Santi,5_octobre,1,Outdoor,CSH,0,Ag,Aj,1,Santi5_octobre1OutdoorCSH0AgAj
Santi,5_octobre,1,Outdoor,CSH,0,Ag,Aj,NA,Santi5_octobre1OutdoorCSH0AgAj
Santi,5_octobre,1,Outdoor,CSH,0,Ag,Aj,1,Santi5_octobre1OutdoorCSH0AgAj
Santi,5_octobre,1,Outdoor,CSH,1,Ag,Aj,NA,Santi5_octobre1OutdoorCSH1AgAj
Santi,5_octobre,1,Outdoor,CSH,1,Ag,Aj,NA,Santi5_octobre1OutdoorCSH1AgAj
Santi,5_octobre,1,Outdoor,CSH,1,Ag,Aj,1,Santi5_octobre1OutdoorCSH1AgAj
Santi,5_octobre,1,Outdoor,CSH,1,Ag,Aj,NA,Santi5_octobre1OutdoorCSH1AgAj
Santi,5_octobre,1,Outdoor,CSH,1,Ag,Aj,1,Santi5_octobre1OutdoorCSH1AgAj
Santi,5_octobre,1,Outdoor,CSH,1,Ag,Aj,NA,Santi5_octobre1OutdoorCSH1AgAj
Santi,5_octobre,1,Outdoor,CSH,1,Ag,Aj,1,Santi5_octobre1OutdoorCSH1AgAj
Santi,5_octobre,1,Outdoor,CSH,2,Ag,Aj,NA,Santi5_octobre1OutdoorCSH2AgAj
Santi,5_octobre,1,Outdoor,CSH,2,Ag,Aj,1,Santi5_octobre1OutdoorCSH2AgAj
Santi,5_octobre,1,Outdoor,CSH,2,Ag,Aj,NA,Santi5_octobre1OutdoorCSH2AgAj
Santi,5_octobre,1,Outdoor,CSH,3,Ag,Aj,0,Santi5_octobre1OutdoorCSH3AgAj
Santi,5_octobre,1,Outdoor,CSH,3,Ag,Aj,1,Santi5_octobre1OutdoorCSH3AgAj
Santi,5_octobre,1,Outdoor,CSH,3,Ag,Aj,1,Santi5_octobre1OutdoorCSH3AgAj
Santi,5_octobre,1,Outdoor,CSH,3,Ag,Aj,NA,Santi5_octobre1OutdoorCSH3AgAj
Santi,5_octobre,1,Outdoor,CSH,3,Ag,Aj,NA,Santi5_octobre1OutdoorCSH3AgAj
Santi,5_octobre,1,Outdoor,CSH,4,Ag,Aj,1,Santi5_octobre1OutdoorCSH4AgAj
Santi,5_octobre,1,Outdoor,CSH,4,Ag,Aj,1,Santi5_octobre1OutdoorCSH4AgAj
Santi,5_octobre,1,Outdoor,CSH,4,Ag,Aj,1,Santi5_octobre1OutdoorCSH4AgAj
Santi,5_octobre,1,Outdoor,CSH,4,Ag,Aj,NA,Santi5_octobre1OutdoorCSH4AgAj
Santi,5_octobre,2,Indoor,CSH,21,Ag,Aj,0,Santi5_octobre2IndoorCSH21AgAj
Santi,5_octobre,2,Indoor,CSH,23,Ag,Aj,1,Santi5_octobre2IndoorCSH23AgAj
Santi,5_octobre,2,Indoor,CSH,2,Ag,Aj,0,Santi5_octobre2IndoorCSH2AgAj
Santi,5_octobre,3,Indoor,CSH,23,Ag,Aj,0,Santi5_octobre3IndoorCSH23AgAj
Santi,5_octobre,3,Outdoor,CSH,21,Ag,Aj,1,Santi5_octobre3OutdoorCSH21AgAj
Santi,5_octobre,3,Outdoor,CSH,21,Ag,Aj,1,Santi5_octobre3OutdoorCSH21AgAj
Santi,5_octobre,3,Outdoor,CSH,21,Ag,Aj,1,Santi5_octobre3OutdoorCSH21AgAj
Santi,5_octobre,3,Outdoor,CSH,23,Ag,Aj,1,Santi5_octobre3OutdoorCSH23AgAj
Santi,5_octobre,3,Outdoor,CSH,1,Ag,Aj,0,Santi5_octobre3OutdoorCSH1AgAj
Santi,5_octobre,4,Indoor,CSH,20,Ag,Aj,1,Santi5_octobre4IndoorCSH20AgAj
Santi,5_octobre,4,Indoor,CSH,23,Ag,Aj,0,Santi5_octobre4IndoorCSH23AgAj
Santi,5_octobre,4,Indoor,CSH,1,Ag,Aj,1,Santi5_octobre4IndoorCSH1AgAj
Santi,5_octobre,4,Indoor,CSH,2,Ag,Aj,1,Santi5_octobre4IndoorCSH2AgAj
Santi,5_octobre,4,Indoor,CSH,2,Ag,Aj,1,Santi5_octobre4IndoorCSH2AgAj
Santi,5_octobre,4,Outdoor,CSH,20,Ag,Aj,0,Santi5_octobre4OutdoorCSH20AgAj
Santi,5_octobre,4,Outdoor,CSH,21,Ag,Aj,1,Santi5_octobre4OutdoorCSH21AgAj
Santi,5_octobre,4,Outdoor,CSH,21,Ag,Aj,1,Santi5_octobre4OutdoorCSH21AgAj
Santi,5_octobre,4,Outdoor,CSH,21,Ag,Aj,NA,Santi5_octobre4OutdoorCSH21AgAj
Santi,5_octobre,4,Outdoor,CSH,21,Ag,Aj,1,Santi5_octobre4OutdoorCSH21AgAj
Santi,5_octobre,4,Outdoor,CSH,22,Ag,Aj,1,Santi5_octobre4OutdoorCSH22AgAj
Santi,5_octobre,4,Outdoor,CSH,22,Ag,Aj,1,Santi5_octobre4OutdoorCSH22AgAj
Santi,5_octobre,4,Outdoor,CSH,22,Ag,Aj,1,Santi5_octobre4OutdoorCSH22AgAj
Santi,5_octobre,4,Outdoor,CSH,22,Ag,Aj,1,Santi5_octobre4OutdoorCSH22AgAj
Santi,5_octobre,4,Outdoor,CSH,23,Ag,Aj,1,Santi5_octobre4OutdoorCSH23AgAj
Santi,5_octobre,4,Outdoor,CSH,23,Ag,Aj,0,Santi5_octobre4OutdoorCSH23AgAj
Santi,5_octobre,4,Outdoor,CSH,23,Ag,Aj,0,Santi5_octobre4OutdoorCSH23AgAj
Santi,5_octobre,4,Outdoor,CSH,23,Ag,Aj,1,Santi5_octobre4OutdoorCSH23AgAj
Santi,5_octobre,4,Outdoor,CSH,23,Ag,Aj,1,Santi5_octobre4OutdoorCSH23AgAj
Santi,5_octobre,4,Outdoor,CSH,23,Ag,Aj,1,Santi5_octobre4OutdoorCSH23AgAj
Santi,5_octobre,4,Outdoor,CSH,0,Ag,Aj,NA,Santi5_octobre4OutdoorCSH0AgAj
Santi,5_octobre,4,Outdoor,CSH,0,Ag,Aj,0,Santi5_octobre4OutdoorCSH0AgAj
Santi,5_octobre,4,Outdoor,CSH,0,Ag,Aj,1,Santi5_octobre4OutdoorCSH0AgAj
Santi,5_octobre,4,Outdoor,CSH,2,Ag,Aj,1,Santi5_octobre4OutdoorCSH2AgAj
Santi,5_octobre,4,Outdoor,CSH,2,Ag,Aj,1,Santi5_octobre4OutdoorCSH2AgAj
Santi,5_octobre,4,Outdoor,CSH,2,Ag,Aj,1,Santi5_octobre4OutdoorCSH2AgAj
Santi,5_octobre,4,Outdoor,CSH,3,Ag,Aj,1,Santi5_octobre4OutdoorCSH3AgAj
Santi,5_octobre,4,Outdoor,CSH,3,Ag,Aj,1,Santi5_octobre4OutdoorCSH3AgAj
Santi,5_octobre,4,Outdoor,CSH,3,Ag,Aj,1,Santi5_octobre4OutdoorCSH3AgAj
Santi,5_octobre,4,Outdoor,CSH,3,Ag,Aj,1,Santi5_octobre4OutdoorCSH3AgAj
Santi,5_octobre,2,Outdoor,CSH,1,Ag,Aj,1,Santi5_octobre2OutdoorCSH1AgAj
Santi,5_octobre,2,Outdoor,CSH,2,Ag,Aj,NA,Santi5_octobre2OutdoorCSH2AgAj
Santi,5_octobre,3,Indoor,CSH,3,Ag,Aj,NA,Santi5_octobre3IndoorCSH3AgAj
Santi,5_octobre,2,Indoor,CSH,23,Ag,Aj,1,Santi5_octobre2IndoorCSH23AgAj
Santi,5_octobre,2,Indoor,CSH,1,Ag,Aj,1,Santi5_octobre2IndoorCSH1AgAj
Santi,5_octobre,2,Indoor,CSH,1,Ag,Aj,0,Santi5_octobre2IndoorCSH1AgAj
Santi,5_octobre,2,Indoor,CSH,1,Ag,Aj,1,Santi5_octobre2IndoorCSH1AgAj
Santi,5_octobre,2,Indoor,CSH,2,Ag,Aj,1,Santi5_octobre2IndoorCSH2AgAj
Santi,5_octobre,2,Outdoor,CSH,22,Ag,Aj,1,Santi5_octobre2OutdoorCSH22AgAj
Santi,5_octobre,2,Outdoor,CSH,23,Ag,Aj,1,Santi5_octobre2OutdoorCSH23AgAj
Santi,5_octobre,2,Outdoor,CSH,0,Ag,Aj,1,Santi5_octobre2OutdoorCSH0AgAj
Santi,5_octobre,2,Outdoor,CSH,1,Ag,Aj,1,Santi5_octobre2OutdoorCSH1AgAj
Santi,5_octobre,2,Outdoor,CSH,1,Ag,Aj,1,Santi5_octobre2OutdoorCSH1AgAj
Santi,5_octobre,2,Outdoor,CSH,1,Ag,Aj,1,Santi5_octobre2OutdoorCSH1AgAj
Santi,5_octobre,3,Indoor,CSH,23,Ag,Aj,0,Santi5_octobre3IndoorCSH23AgAj
Santi,5_octobre,3,Indoor,CSH,1,Ag,Aj,0,Santi5_octobre3IndoorCSH1AgAj
Santi,5_octobre,3,Indoor,CSH,5,Ag,Aj,1,Santi5_octobre3IndoorCSH5AgAj
Santi,5_octobre,4,Indoor,CSH,20,Ag,Aj,1,Santi5_octobre4IndoorCSH20AgAj
Santi,5_octobre,4,Indoor,CSH,21,Ag,Aj,1,Santi5_octobre4IndoorCSH21AgAj
Santi,5_octobre,4,Indoor,CSH,21,Ag,Aj,1,Santi5_octobre4IndoorCSH21AgAj
Santi,5_octobre,4,Indoor,CSH,21,Ag,Aj,1,Santi5_octobre4IndoorCSH21AgAj
Santi,5_octobre,4,Indoor,CSH,23,Ag,Aj,1,Santi5_octobre4IndoorCSH23AgAj
Santi,5_octobre,4,Indoor,CSH,23,Ag,Aj,1,Santi5_octobre4IndoorCSH23AgAj
Santi,5_octobre,4,Indoor,CSH,23,Ag,Aj,1,Santi5_octobre4IndoorCSH23AgAj
Santi,5_octobre,4,Indoor,CSH,0,Ag,Aj,1,Santi5_octobre4IndoorCSH0AgAj
Santi,5_octobre,4,Indoor,CSH,4,Ag,Aj,1,Santi5_octobre4IndoorCSH4AgAj
Santi,5_octobre,4,Outdoor,CSH,0,Ag,Aj,1,Santi5_octobre4OutdoorCSH0AgAj
Santi,5_octobre,4,Outdoor,CSH,1,Ag,Aj,1,Santi5_octobre4OutdoorCSH1AgAj
Santi,5_octobre,2,Outdoor,CSH,22,Ag,Aj,NA,Santi5_octobre2OutdoorCSH22AgAj
Santi,5_octobre,2,Outdoor,CSH,2,Ag,Aj,1,Santi5_octobre2OutdoorCSH2AgAj
Santi,5_octobre,2,Indoor,CSH,1,Ag,Aj,1,Santi5_octobre2IndoorCSH1AgAj
Santi,5_octobre,2,Indoor,CSH,2,Ag,Aj,1,Santi5_octobre2IndoorCSH2AgAj
Santi,5_octobre,2,Outdoor,CSH,22,Ag,Aj,0,Santi5_octobre2OutdoorCSH22AgAj
Santi,5_octobre,2,Outdoor,CSH,23,Ag,Aj,1,Santi5_octobre2OutdoorCSH23AgAj
Santi,5_octobre,2,Outdoor,CSH,23,Ag,Aj,1,Santi5_octobre2OutdoorCSH23AgAj
Santi,5_octobre,2,Outdoor,CSH,0,Ag,Aj,0,Santi5_octobre2OutdoorCSH0AgAj
Santi,5_octobre,2,Outdoor,CSH,1,Ag,Aj,1,Santi5_octobre2OutdoorCSH1AgAj
Santi,5_octobre,2,Outdoor,CSH,1,Ag,Aj,1,Santi5_octobre2OutdoorCSH1AgAj
Santi,5_octobre,2,Outdoor,CSH,2,Ag,Aj,NA,Santi5_octobre2OutdoorCSH2AgAj
Santi,5_octobre,3,Indoor,CSH,1,Ag,Aj,NA,Santi5_octobre3IndoorCSH1AgAj
Santi,5_octobre,3,Outdoor,CSH,20,Ag,Aj,1,Santi5_octobre3OutdoorCSH20AgAj
Santi,5_octobre,3,Outdoor,CSH,23,Ag,Aj,1,Santi5_octobre3OutdoorCSH23AgAj
Santi,5_octobre,3,Outdoor,CSH,3,Ag,Aj,1,Santi5_octobre3OutdoorCSH3AgAj
Santi,5_octobre,3,Outdoor,CSH,4,Ag,Aj,NA,Santi5_octobre3OutdoorCSH4AgAj
Santi,5_octobre,3,Outdoor,CSH,4,Ag,Aj,NA,Santi5_octobre3OutdoorCSH4AgAj
Santi,5_octobre,3,Outdoor,CSH,5,Ag,Aj,1,Santi5_octobre3OutdoorCSH5AgAj
Santi,5_octobre,4,Indoor,CSH,20,Ag,Aj,1,Santi5_octobre4IndoorCSH20AgAj
Santi,5_octobre,4,Indoor,CSH,21,Ag,Aj,1,Santi5_octobre4IndoorCSH21AgAj
Santi,5_octobre,4,Indoor,CSH,21,Ag,Aj,0,Santi5_octobre4IndoorCSH21AgAj
Santi,5_octobre,4,Indoor,CSH,22,Ag,Aj,1,Santi5_octobre4IndoorCSH22AgAj
Santi,5_octobre,4,Indoor,CSH,22,Ag,Aj,NA,Santi5_octobre4IndoorCSH22AgAj
Santi,5_octobre,2,Indoor,CSH,1,Ag,Aj,1,Santi5_octobre2IndoorCSH1AgAj
Santi,5_octobre,3,Outdoor,CSH,23,Ag,Aj,0,Santi5_octobre3OutdoorCSH23AgAj
Santi,5_octobre,4,Indoor,CSH,22,Ag,Aj,NA,Santi5_octobre4IndoorCSH22AgAj
Santi,6_novembre,1,Outdoor,CSH,1,Ag,Aj,NA,Santi6_novembre1OutdoorCSH1AgAj
Santi,6_novembre,2,Indoor,CSH,3,Ag,Aj,NA,Santi6_novembre2IndoorCSH3AgAj
Santi,6_novembre,2,Indoor,CSH,4,Ag,Aj,1,Santi6_novembre2IndoorCSH4AgAj
Santi,6_novembre,1,Indoor,CSH,21,Ag,Aj,1,Santi6_novembre1IndoorCSH21AgAj
Santi,6_novembre,1,Indoor,CSH,21,Ag,Aj,0,Santi6_novembre1IndoorCSH21AgAj
Santi,6_novembre,1,Indoor,CSH,21,Ag,Aj,1,Santi6_novembre1IndoorCSH21AgAj
Santi,6_novembre,1,Indoor,CSH,22,Ag,Aj,1,Santi6_novembre1IndoorCSH22AgAj
Santi,6_novembre,1,Indoor,CSH,22,Ag,Aj,0,Santi6_novembre1IndoorCSH22AgAj
Santi,6_novembre,1,Indoor,CSH,22,Ag,Aj,1,Santi6_novembre1IndoorCSH22AgAj
Santi,6_novembre,1,Indoor,CSH,23,Ag,Aj,1,Santi6_novembre1IndoorCSH23AgAj
Santi,6_novembre,1,Indoor,CSH,23,Ag,Aj,1,Santi6_novembre1IndoorCSH23AgAj
Santi,6_novembre,1,Indoor,CSH,0,Ag,Aj,1,Santi6_novembre1IndoorCSH0AgAj
Santi,6_novembre,1,Indoor,CSH,0,Ag,Aj,1,Santi6_novembre1IndoorCSH0AgAj
Santi,6_novembre,1,Indoor,CSH,1,Ag,Aj,1,Santi6_novembre1IndoorCSH1AgAj
Santi,6_novembre,1,Indoor,CSH,1,Ag,Aj,0,Santi6_novembre1IndoorCSH1AgAj
Santi,6_novembre,1,Indoor,CSH,2,Ag,Aj,1,Santi6_novembre1IndoorCSH2AgAj
Santi,6_novembre,1,Indoor,CSH,3,Ag,Aj,1,Santi6_novembre1IndoorCSH3AgAj
Santi,6_novembre,1,Indoor,CSH,3,Ag,Aj,1,Santi6_novembre1IndoorCSH3AgAj
Santi,6_novembre,1,Indoor,CSH,4,Ag,Aj,1,Santi6_novembre1IndoorCSH4AgAj
Santi,6_novembre,1,Indoor,CSH,4,Ag,Aj,0,Santi6_novembre1IndoorCSH4AgAj
Santi,6_novembre,1,Outdoor,CSH,20,Ag,Aj,1,Santi6_novembre1OutdoorCSH20AgAj
Santi,6_novembre,1,Outdoor,CSH,20,Ag,Aj,1,Santi6_novembre1OutdoorCSH20AgAj
Santi,6_novembre,1,Outdoor,CSH,21,Ag,Aj,1,Santi6_novembre1OutdoorCSH21AgAj
Santi,6_novembre,1,Outdoor,CSH,21,Ag,Aj,1,Santi6_novembre1OutdoorCSH21AgAj
Santi,6_novembre,1,Outdoor,CSH,22,Ag,Aj,1,Santi6_novembre1OutdoorCSH22AgAj
Santi,6_novembre,1,Outdoor,CSH,23,Ag,Aj,NA,Santi6_novembre1OutdoorCSH23AgAj
Santi,6_novembre,1,Outdoor,CSH,23,Ag,Aj,1,Santi6_novembre1OutdoorCSH23AgAj
Santi,6_novembre,1,Outdoor,CSH,23,Ag,Aj,1,Santi6_novembre1OutdoorCSH23AgAj
Santi,6_novembre,1,Outdoor,CSH,0,Ag,Aj,1,Santi6_novembre1OutdoorCSH0AgAj
Santi,6_novembre,1,Outdoor,CSH,0,Ag,Aj,0,Santi6_novembre1OutdoorCSH0AgAj
Santi,6_novembre,1,Outdoor,CSH,0,Ag,Aj,NA,Santi6_novembre1OutdoorCSH0AgAj
Santi,6_novembre,1,Outdoor,CSH,1,Ag,Aj,1,Santi6_novembre1OutdoorCSH1AgAj
Santi,6_novembre,1,Outdoor,CSH,1,Ag,Aj,1,Santi6_novembre1OutdoorCSH1AgAj
Santi,6_novembre,1,Outdoor,CSH,1,Ag,Aj,1,Santi6_novembre1OutdoorCSH1AgAj
Santi,6_novembre,1,Outdoor,CSH,1,Ag,Aj,1,Santi6_novembre1OutdoorCSH1AgAj
Santi,6_novembre,1,Outdoor,CSH,2,Ag,Aj,1,Santi6_novembre1OutdoorCSH2AgAj
Santi,6_novembre,1,Outdoor,CSH,2,Ag,Aj,1,Santi6_novembre1OutdoorCSH2AgAj
Santi,6_novembre,1,Outdoor,CSH,2,Ag,Aj,0,Santi6_novembre1OutdoorCSH2AgAj
Santi,6_novembre,1,Outdoor,CSH,2,Ag,Aj,1,Santi6_novembre1OutdoorCSH2AgAj
Santi,6_novembre,1,Outdoor,CSH,3,Ag,Aj,1,Santi6_novembre1OutdoorCSH3AgAj
Santi,6_novembre,1,Outdoor,CSH,3,Ag,Aj,0,Santi6_novembre1OutdoorCSH3AgAj
Santi,6_novembre,1,Outdoor,CSH,3,Ag,Aj,0,Santi6_novembre1OutdoorCSH3AgAj
Santi,6_novembre,1,Outdoor,CSH,3,Ag,Aj,1,Santi6_novembre1OutdoorCSH3AgAj
Santi,6_novembre,1,Outdoor,CSH,4,Ag,Aj,1,Santi6_novembre1OutdoorCSH4AgAj
Santi,6_novembre,1,Outdoor,CSH,4,Ag,Aj,0,Santi6_novembre1OutdoorCSH4AgAj
Santi,6_novembre,2,Indoor,CSH,21,Ag,Aj,1,Santi6_novembre2IndoorCSH21AgAj
Santi,6_novembre,2,Indoor,CSH,22,Ag,Aj,0,Santi6_novembre2IndoorCSH22AgAj
Santi,6_novembre,2,Indoor,CSH,22,Ag,Aj,0,Santi6_novembre2IndoorCSH22AgAj
Santi,6_novembre,2,Indoor,CSH,22,Ag,Aj,1,Santi6_novembre2IndoorCSH22AgAj
Santi,6_novembre,2,Indoor,CSH,22,Ag,Aj,1,Santi6_novembre2IndoorCSH22AgAj
Santi,6_novembre,2,Indoor,CSH,22,Ag,Aj,0,Santi6_novembre2IndoorCSH22AgAj
Santi,6_novembre,2,Indoor,CSH,22,Ag,Aj,NA,Santi6_novembre2IndoorCSH22AgAj
Santi,6_novembre,2,Indoor,CSH,23,Ag,Aj,NA,Santi6_novembre2IndoorCSH23AgAj
Santi,6_novembre,2,Indoor,CSH,1,Ag,Aj,1,Santi6_novembre2IndoorCSH1AgAj
Santi,6_novembre,2,Indoor,CSH,1,Ag,Aj,1,Santi6_novembre2IndoorCSH1AgAj
Santi,6_novembre,2,Indoor,CSH,2,Ag,Aj,NA,Santi6_novembre2IndoorCSH2AgAj
Santi,6_novembre,2,Indoor,CSH,2,Ag,Aj,1,Santi6_novembre2IndoorCSH2AgAj
Santi,6_novembre,2,Indoor,CSH,2,Ag,Aj,0,Santi6_novembre2IndoorCSH2AgAj
Santi,6_novembre,2,Outdoor,CSH,21,Ag,Aj,NA,Santi6_novembre2OutdoorCSH21AgAj
Santi,6_novembre,2,Outdoor,CSH,21,Ag,Aj,0,Santi6_novembre2OutdoorCSH21AgAj
Santi,6_novembre,2,Outdoor,CSH,21,Ag,Aj,1,Santi6_novembre2OutdoorCSH21AgAj
Santi,6_novembre,2,Outdoor,CSH,22,Ag,Aj,1,Santi6_novembre2OutdoorCSH22AgAj
Santi,6_novembre,2,Outdoor,CSH,22,Ag,Aj,1,Santi6_novembre2OutdoorCSH22AgAj
Santi,6_novembre,2,Outdoor,CSH,22,Ag,Aj,1,Santi6_novembre2OutdoorCSH22AgAj
Santi,6_novembre,2,Outdoor,CSH,22,Ag,Aj,0,Santi6_novembre2OutdoorCSH22AgAj
Santi,6_novembre,2,Outdoor,CSH,22,Ag,Aj,NA,Santi6_novembre2OutdoorCSH22AgAj
Santi,6_novembre,2,Outdoor,CSH,22,Ag,Aj,1,Santi6_novembre2OutdoorCSH22AgAj
Santi,6_novembre,2,Outdoor,CSH,22,Ag,Aj,1,Santi6_novembre2OutdoorCSH22AgAj
Santi,6_novembre,2,Outdoor,CSH,22,Ag,Aj,1,Santi6_novembre2OutdoorCSH22AgAj
Santi,6_novembre,2,Outdoor,CSH,22,Ag,Aj,1,Santi6_novembre2OutdoorCSH22AgAj
Santi,6_novembre,2,Outdoor,CSH,22,Ag,Aj,1,Santi6_novembre2OutdoorCSH22AgAj
Santi,6_novembre,2,Outdoor,CSH,23,Ag,Aj,0,Santi6_novembre2OutdoorCSH23AgAj
Santi,6_novembre,2,Outdoor,CSH,23,Ag,Aj,0,Santi6_novembre2OutdoorCSH23AgAj
Santi,6_novembre,2,Outdoor,CSH,23,Ag,Aj,1,Santi6_novembre2OutdoorCSH23AgAj
Santi,6_novembre,2,Outdoor,CSH,0,Ag,Aj,0,Santi6_novembre2OutdoorCSH0AgAj
Santi,6_novembre,2,Outdoor,CSH,0,Ag,Aj,1,Santi6_novembre2OutdoorCSH0AgAj
Santi,6_novembre,2,Outdoor,CSH,2,Ag,Aj,0,Santi6_novembre2OutdoorCSH2AgAj
Santi,6_novembre,2,Outdoor,CSH,3,Ag,Aj,1,Santi6_novembre2OutdoorCSH3AgAj
Santi,6_novembre,3,Indoor,CSH,22,Ag,Aj,0,Santi6_novembre3IndoorCSH22AgAj
Santi,6_novembre,3,Indoor,CSH,22,Ag,Aj,0,Santi6_novembre3IndoorCSH22AgAj
Santi,6_novembre,3,Indoor,CSH,23,Ag,Aj,1,Santi6_novembre3IndoorCSH23AgAj
Santi,6_novembre,3,Indoor,CSH,0,Ag,Aj,1,Santi6_novembre3IndoorCSH0AgAj
Santi,6_novembre,3,Indoor,CSH,0,Ag,Aj,1,Santi6_novembre3IndoorCSH0AgAj
Santi,6_novembre,3,Indoor,CSH,0,Ag,Aj,1,Santi6_novembre3IndoorCSH0AgAj
Santi,6_novembre,3,Indoor,CSH,1,Ag,Aj,1,Santi6_novembre3IndoorCSH1AgAj
Santi,6_novembre,3,Indoor,CSH,2,Ag,Aj,1,Santi6_novembre3IndoorCSH2AgAj
Santi,6_novembre,3,Indoor,CSH,3,Ag,Aj,NA,Santi6_novembre3IndoorCSH3AgAj
Santi,6_novembre,3,Indoor,CSH,3,Ag,Aj,1,Santi6_novembre3IndoorCSH3AgAj
Santi,6_novembre,3,Indoor,CSH,3,Ag,Aj,1,Santi6_novembre3IndoorCSH3AgAj
Santi,6_novembre,3,Outdoor,CSH,21,Ag,Aj,1,Santi6_novembre3OutdoorCSH21AgAj
Santi,6_novembre,3,Outdoor,CSH,21,Ag,Aj,NA,Santi6_novembre3OutdoorCSH21AgAj
Santi,6_novembre,3,Outdoor,CSH,22,Ag,Aj,NA,Santi6_novembre3OutdoorCSH22AgAj
Santi,6_novembre,3,Outdoor,CSH,22,Ag,Aj,NA,Santi6_novembre3OutdoorCSH22AgAj
Santi,6_novembre,3,Outdoor,CSH,22,Ag,Aj,0,Santi6_novembre3OutdoorCSH22AgAj
Santi,6_novembre,3,Outdoor,CSH,23,Ag,Aj,0,Santi6_novembre3OutdoorCSH23AgAj
Santi,6_novembre,3,Outdoor,CSH,0,Ag,Aj,NA,Santi6_novembre3OutdoorCSH0AgAj
Santi,6_novembre,3,Outdoor,CSH,0,Ag,Aj,NA,Santi6_novembre3OutdoorCSH0AgAj
Santi,6_novembre,3,Outdoor,CSH,0,Ag,Aj,NA,Santi6_novembre3OutdoorCSH0AgAj
Santi,6_novembre,3,Outdoor,CSH,0,Ag,Aj,1,Santi6_novembre3OutdoorCSH0AgAj
Santi,6_novembre,3,Outdoor,CSH,2,Ag,Aj,NA,Santi6_novembre3OutdoorCSH2AgAj
Santi,6_novembre,3,Outdoor,CSH,3,Ag,Aj,1,Santi6_novembre3OutdoorCSH3AgAj
Santi,6_novembre,3,Outdoor,CSH,3,Ag,Aj,1,Santi6_novembre3OutdoorCSH3AgAj
Santi,6_novembre,3,Outdoor,CSH,3,Ag,Aj,1,Santi6_novembre3OutdoorCSH3AgAj
Santi,6_novembre,4,Indoor,CSH,20,Ag,Aj,NA,Santi6_novembre4IndoorCSH20AgAj
Santi,6_novembre,4,Indoor,CSH,22,Ag,Aj,1,Santi6_novembre4IndoorCSH22AgAj
Santi,6_novembre,4,Outdoor,CSH,20,Ag,Aj,1,Santi6_novembre4OutdoorCSH20AgAj
Santi,6_novembre,4,Outdoor,CSH,22,Ag,Aj,NA,Santi6_novembre4OutdoorCSH22AgAj
Santi,6_novembre,4,Outdoor,CSH,0,Ag,Aj,NA,Santi6_novembre4OutdoorCSH0AgAj
Santi,6_novembre,1,Outdoor,CSH,23,Ag,Aj,1,Santi6_novembre1OutdoorCSH23AgAj
Santi,6_novembre,2,Indoor,CSH,21,Ag,Aj,1,Santi6_novembre2IndoorCSH21AgAj
Santi,6_novembre,2,Indoor,CSH,21,Ag,Aj,1,Santi6_novembre2IndoorCSH21AgAj
Santi,6_novembre,2,Indoor,CSH,0,Ag,Aj,1,Santi6_novembre2IndoorCSH0AgAj
Santi,6_novembre,2,Indoor,CSH,2,Ag,Aj,1,Santi6_novembre2IndoorCSH2AgAj
Santi,6_novembre,3,Indoor,CSH,22,Ag,Aj,1,Santi6_novembre3IndoorCSH22AgAj
Santi,6_novembre,3,Indoor,CSH,1,Ag,Aj,0,Santi6_novembre3IndoorCSH1AgAj
Santi,6_novembre,3,Outdoor,CSH,0,Ag,Aj,1,Santi6_novembre3OutdoorCSH0AgAj
Santi,6_novembre,1,Indoor,CSH,20,Ag,Aj,1,Santi6_novembre1IndoorCSH20AgAj
Santi,6_novembre,1,Indoor,CSH,21,Ag,Aj,0,Santi6_novembre1IndoorCSH21AgAj
Santi,6_novembre,1,Indoor,CSH,22,Ag,Aj,1,Santi6_novembre1IndoorCSH22AgAj
Santi,6_novembre,1,Indoor,CSH,22,Ag,Aj,1,Santi6_novembre1IndoorCSH22AgAj
Santi,6_novembre,1,Indoor,CSH,22,Ag,Aj,1,Santi6_novembre1IndoorCSH22AgAj
Santi,6_novembre,1,Indoor,CSH,23,Ag,Aj,1,Santi6_novembre1IndoorCSH23AgAj
Santi,6_novembre,1,Indoor,CSH,23,Ag,Aj,1,Santi6_novembre1IndoorCSH23AgAj
Santi,6_novembre,2,Indoor,CSH,22,Ag,Aj,1,Santi6_novembre2IndoorCSH22AgAj
Santi,6_novembre,2,Indoor,CSH,1,Ag,Aj,1,Santi6_novembre2IndoorCSH1AgAj
Santi,6_novembre,2,Indoor,CSH,1,Ag,Aj,1,Santi6_novembre2IndoorCSH1AgAj
Santi,6_novembre,2,Indoor,CSH,2,Ag,Aj,1,Santi6_novembre2IndoorCSH2AgAj
Santi,6_novembre,2,Indoor,CSH,2,Ag,Aj,1,Santi6_novembre2IndoorCSH2AgAj
Santi,6_novembre,2,Indoor,CSH,3,Ag,Aj,1,Santi6_novembre2IndoorCSH3AgAj
Santi,6_novembre,3,Indoor,CSH,22,Ag,Aj,1,Santi6_novembre3IndoorCSH22AgAj
Santi,6_novembre,3,Indoor,CSH,0,Ag,Aj,1,Santi6_novembre3IndoorCSH0AgAj
Santi,6_novembre,3,Indoor,CSH,0,Ag,Aj,0,Santi6_novembre3IndoorCSH0AgAj
Santi,6_novembre,3,Indoor,CSH,0,Ag,Aj,1,Santi6_novembre3IndoorCSH0AgAj
Santi,6_novembre,3,Indoor,CSH,1,Ag,Aj,1,Santi6_novembre3IndoorCSH1AgAj
Santi,6_novembre,3,Indoor,CSH,1,Ag,Aj,1,Santi6_novembre3IndoorCSH1AgAj
Santi,6_novembre,3,Indoor,CSH,1,Ag,Aj,1,Santi6_novembre3IndoorCSH1AgAj
Santi,6_novembre,4,Indoor,CSH,21,Ag,Aj,1,Santi6_novembre4IndoorCSH21AgAj
Santi,6_novembre,4,Indoor,CSH,22,Ag,Aj,1,Santi6_novembre4IndoorCSH22AgAj
Santi,6_novembre,4,Indoor,CSH,23,Ag,Aj,1,Santi6_novembre4IndoorCSH23AgAj
Santi,6_novembre,4,Indoor,CSH,3,Ag,Aj,1,Santi6_novembre4IndoorCSH3AgAj
Santi,6_novembre,4,Outdoor,CSH,21,Ag,Aj,0,Santi6_novembre4OutdoorCSH21AgAj
Santi,6_novembre,4,Outdoor,CSH,21,Ag,Aj,1,Santi6_novembre4OutdoorCSH21AgAj
Santi,6_novembre,4,Outdoor,CSH,21,Ag,Aj,1,Santi6_novembre4OutdoorCSH21AgAj
Santi,6_novembre,4,Outdoor,CSH,21,Ag,Aj,1,Santi6_novembre4OutdoorCSH21AgAj
Santi,6_novembre,4,Outdoor,CSH,5,Ag,Aj,NA,Santi6_novembre4OutdoorCSH5AgAj
Santi,6_novembre,1,Indoor,CSH,0,Ag,Aj,NA,Santi6_novembre1IndoorCSH0AgAj
Santi,6_novembre,2,Indoor,CSH,0,Ag,Aj,1,Santi6_novembre2IndoorCSH0AgAj
Santi,6_novembre,2,Indoor,CSH,1,Ag,Aj,1,Santi6_novembre2IndoorCSH1AgAj
Santi,6_novembre,3,Indoor,CSH,23,Ag,Aj,1,Santi6_novembre3IndoorCSH23AgAj
Santi,6_novembre,3,Indoor,CSH,1,Ag,Aj,NA,Santi6_novembre3IndoorCSH1AgAj
Santi,6_novembre,4,Outdoor,CSH,2,Ag,Aj,1,Santi6_novembre4OutdoorCSH2AgAj
Santi,6_novembre,1,Indoor,CSH,20,Ag,Aj,1,Santi6_novembre1IndoorCSH20AgAj
Santi,6_novembre,1,Indoor,CSH,21,Ag,Aj,1,Santi6_novembre1IndoorCSH21AgAj
Santi,6_novembre,1,Indoor,CSH,23,Ag,Aj,1,Santi6_novembre1IndoorCSH23AgAj
Santi,6_novembre,1,Indoor,CSH,0,Ag,Aj,1,Santi6_novembre1IndoorCSH0AgAj
Santi,6_novembre,1,Indoor,CSH,0,Ag,Aj,1,Santi6_novembre1IndoorCSH0AgAj
Santi,6_novembre,2,Indoor,CSH,21,Ag,Aj,1,Santi6_novembre2IndoorCSH21AgAj
Santi,6_novembre,2,Indoor,CSH,22,Ag,Aj,1,Santi6_novembre2IndoorCSH22AgAj
Santi,6_novembre,2,Indoor,CSH,23,Ag,Aj,0,Santi6_novembre2IndoorCSH23AgAj
Santi,6_novembre,3,Indoor,CSH,22,Ag,Aj,1,Santi6_novembre3IndoorCSH22AgAj
Santi,6_novembre,3,Indoor,CSH,23,Ag,Aj,1,Santi6_novembre3IndoorCSH23AgAj
Santi,6_novembre,3,Outdoor,CSH,21,Ag,Aj,0,Santi6_novembre3OutdoorCSH21AgAj
Santi,6_novembre,3,Outdoor,CSH,22,Ag,Aj,0,Santi6_novembre3OutdoorCSH22AgAj
Santi,6_novembre,3,Outdoor,CSH,23,Ag,Aj,0,Santi6_novembre3OutdoorCSH23AgAj
Santi,6_novembre,3,Outdoor,CSH,23,Ag,Aj,1,Santi6_novembre3OutdoorCSH23AgAj
Santi,6_novembre,4,Outdoor,CSH,21,Ag,Aj,1,Santi6_novembre4OutdoorCSH21AgAj
Santi,6_novembre,4,Outdoor,CSH,23,Ag,Aj,1,Santi6_novembre4OutdoorCSH23AgAj
Santi,6_novembre,1,Indoor,CSH,3,Ag,Aj,NA,Santi6_novembre1IndoorCSH3AgAj
Santi,6_novembre,2,Indoor,CSH,23,Ag,Aj,1,Santi6_novembre2IndoorCSH23AgAj
Santi,6_novembre,2,Indoor,CSH,23,Ag,Aj,1,Santi6_novembre2IndoorCSH23AgAj
Santi,6_novembre,2,Indoor,CSH,1,Ag,Aj,1,Santi6_novembre2IndoorCSH1AgAj
Santi,6_novembre,2,Indoor,CSH,1,Ag,Aj,1,Santi6_novembre2IndoorCSH1AgAj
Santi,6_novembre,2,Indoor,CSH,1,Ag,Aj,1,Santi6_novembre2IndoorCSH1AgAj
Santi,6_novembre,3,Indoor,CSH,0,Ag,Aj,1,Santi6_novembre3IndoorCSH0AgAj
Santi,6_novembre,3,Indoor,CSH,0,Ag,Aj,1,Santi6_novembre3IndoorCSH0AgAj
Santi,6_novembre,3,Indoor,CSH,0,Ag,Aj,1,Santi6_novembre3IndoorCSH0AgAj
Santi,6_novembre,3,Indoor,CSH,0,Ag,Aj,1,Santi6_novembre3IndoorCSH0AgAj
Santi,6_novembre,3,Indoor,CSH,0,Ag,Aj,1,Santi6_novembre3IndoorCSH0AgAj
Santi,6_novembre,3,Indoor,CSH,0,Ag,Aj,1,Santi6_novembre3IndoorCSH0AgAj
Santi,6_novembre,3,Indoor,CSH,4,Ag,Aj,1,Santi6_novembre3IndoorCSH4AgAj
Santi,6_novembre,3,Outdoor,CSH,0,Ag,Aj,NA,Santi6_novembre3OutdoorCSH0AgAj
Santi,6_novembre,3,Outdoor,CSH,1,Ag,Aj,NA,Santi6_novembre3OutdoorCSH1AgAj
Santi,6_novembre,3,Outdoor,CSH,4,Ag,Aj,1,Santi6_novembre3OutdoorCSH4AgAj
Santi,6_novembre,4,Indoor,CSH,1,Ag,Aj,NA,Santi6_novembre4IndoorCSH1AgAj
Santi,6_novembre,4,Indoor,CSH,1,Ag,Aj,0,Santi6_novembre4IndoorCSH1AgAj
Santi,6_novembre,4,Indoor,CSH,2,Ag,Aj,1,Santi6_novembre4IndoorCSH2AgAj
Santi,6_novembre,4,Indoor,CSH,2,Ag,Aj,NA,Santi6_novembre4IndoorCSH2AgAj
Santi,6_novembre,4,Indoor,CSH,3,Ag,Aj,NA,Santi6_novembre4IndoorCSH3AgAj
Santi,6_novembre,4,Outdoor,CSH,20,Ag,Aj,1,Santi6_novembre4OutdoorCSH20AgAj
Santi,6_novembre,4,Outdoor,CSH,4,Ag,Aj,1,Santi6_novembre4OutdoorCSH4AgAj
